ticker,messageId,publishedTime_utc,czas_oslo,tytul,kategoria_no,kategoria_en,emitent,zalaczniki,korekta_dla,skorygowany_przez,adres_tresci
VEI,683711,2026-10-07T12:26:07.066Z,2026-10-07 14:26,Veidekke: To build new homes in Hamar,IKKE-INFORMASJONSPLIKTIGE PRESSEMELDINGER,NON-REGULATORY PRESS RELEASES,Veidekke ASA,0,0,0,https://api3.oslo.oslobors.no/v1/newsreader/message?messageId=683711
VEI,683710,2026-10-07T12:19:06.342Z,2026-10-07 14:19,Veidekke: Bygger boliger på Hamar,IKKE-INFORMASJONSPLIKTIGE PRESSEMELDINGER,NON-REGULATORY PRESS RELEASES,Veidekke ASA,0,0,0,https://api3.oslo.oslobors.no/v1/newsreader/message?messageId=683710
AFG,683681,2026-10-07T07:30:00.000Z,2026-10-07 09:30,AF Gruppen to build student housing and commercial premises for Diakonhjemmet Foundation,IKKE-INFORMASJONSPLIKTIGE PRESSEMELDINGER,NON-REGULATORY PRESS RELEASES,AF Gruppen ASA,0,0,0,https://api3.oslo.oslobors.no/v1/newsreader/message?messageId=683681
AFG,683682,2026-10-07T07:30:00.000Z,2026-10-07 09:30,AF Gruppen bygger studentboliger og næringsarealer for Diakonhjemmet stiftelse,IKKE-INFORMASJONSPLIKTIGE PRESSEMELDINGER,NON-REGULATORY PRESS RELEASES,AF Gruppen ASA,0,0,0,https://api3.oslo.oslobors.no/v1/newsreader/message?messageId=683682
BNOR,683674,2026-10-07T06:13:32.746Z,2026-10-07 08:13,"The Goldman Sachs Group, Inc. Disclosure in BLUENORD ASA",FLAGGING,MAJOR SHAREHOLDINGS NOTIFICATION,BlueNord ASA,1,0,0,https://api3.oslo.oslobors.no/v1/newsreader/message?messageId=683674
SALM,683657,2026-10-06T15:00:00.643Z,2026-10-06 17:00,SalMar - Q3 2026 Trading Update,ANNEN INFORMASJONSPLIKTIG REGULATORISK INFORMASJON,ADDITIONAL REGULATED INFORMATION REQUIRED TO BE DISCLOSED UNDER THE LAWS OF A MEMBER STATE,SalMar ASA,0,0,0,https://api3.oslo.oslobors.no/v1/newsreader/message?messageId=683657
SALM,683656,2026-10-06T15:00:00.630Z,2026-10-06 17:00,SalMar - Q3 2026 Trading Update,ANNEN INFORMASJONSPLIKTIG REGULATORISK INFORMASJON,ADDITIONAL REGULATED INFORMATION REQUIRED TO BE DISCLOSED UNDER THE LAWS OF A MEMBER STATE,SalMar ASA,0,0,0,https://api3.oslo.oslobors.no/v1/newsreader/message?messageId=683656
BNOR,683654,2026-10-06T14:45:06.885Z,2026-10-06 16:45,Euronext Oslo Børs - BLUENORD ASA - Received application for listing of bonds,ANNEN INFORMASJONSPLIKTIG REGULATORISK INFORMASJON,ADDITIONAL REGULATED INFORMATION REQUIRED TO BE DISCLOSED UNDER THE LAWS OF A MEMBER STATE,BlueNord ASA,0,0,0,https://api3.oslo.oslobors.no/v1/newsreader/message?messageId=683654
BNOR,683653,2026-10-06T14:45:06.882Z,2026-10-06 16:45,Euronext Oslo Børs - BLUENORD ASA - Mottatt søknad om notering av obligasjonslån,ANNEN INFORMASJONSPLIKTIG REGULATORISK INFORMASJON,ADDITIONAL REGULATED INFORMATION REQUIRED TO BE DISCLOSED UNDER THE LAWS OF A MEMBER STATE,BlueNord ASA,0,0,0,https://api3.oslo.oslobors.no/v1/newsreader/message?messageId=683653
BNOR,683635,2026-10-06T11:46:11.997Z,2026-10-06 13:46,BlueNord: Publication of Listing Prospectus and Application to List BNOR 18 Bonds on Euronext Oslo Børs,PROSPEKT / OPPTAKSDOKUMENT,PROSPECTUS / ADMISSION DOCUMENT,BlueNord ASA,0,0,0,https://api3.oslo.oslobors.no/v1/newsreader/message?messageId=683635
HAFNI,683621,2026-10-06T07:20:29.487Z,2026-10-06 09:20,HAFNIA LIMITED: Mandatory notification of trade - Redelivery of Borrowed Shares in Connection with Offering,MELDEPLIKTIG HANDEL FOR PRIMÆRINNSIDERE,MANAGERS’ TRANSACTION,Hafnia Limited,1,0,0,https://api3.oslo.oslobors.no/v1/newsreader/message?messageId=683621
EQNR,683617,2026-10-06T06:00:08.744Z,2026-10-06 08:00,Equinor ASA: Tilbakekjøp av egne aksjer - tredje transje for 2026,UTSTEDERS MELDEPLIKT VED HANDEL I EGNE AKSJER,ACQUISITION OR DISPOSAL OF AN ISSUER'S OWN SHARES,Equinor ASA,1,0,0,https://api3.oslo.oslobors.no/v1/newsreader/message?messageId=683617
EQNR,683616,2026-10-06T06:00:08.726Z,2026-10-06 08:00,Equinor ASA: Share buy-back - third tranche for 2026,UTSTEDERS MELDEPLIKT VED HANDEL I EGNE AKSJER,ACQUISITION OR DISPOSAL OF AN ISSUER'S OWN SHARES,Equinor ASA,1,0,0,https://api3.oslo.oslobors.no/v1/newsreader/message?messageId=683616
NAS,683613,2026-10-06T06:00:00.000Z,2026-10-06 08:00,Norwegian Air Shuttle ASA (NAS) - Traffic Figures for September 2026,INNSIDEINFORMASJON,INSIDE INFORMATION,Norwegian Air Shuttle ASA,1,0,0,https://api3.oslo.oslobors.no/v1/newsreader/message?messageId=683613
LSG,683608,2026-10-06T04:30:00.723Z,2026-10-06 06:30,Lerøy Seafood Group ASA: Q3 2026 Volume Update,HALVÅRSRAPPORT,HALF YEAR FINANCIAL REPORT,Lerøy Seafood Group ASA,0,0,0,https://api3.oslo.oslobors.no/v1/newsreader/message?messageId=683608
LSG,683607,2026-10-06T04:30:00.710Z,2026-10-06 06:30,Lerøy Seafood Group ASA: Oppdatering volum i tredje kvartal 2026,HALVÅRSRAPPORT,HALF YEAR FINANCIAL REPORT,Lerøy Seafood Group ASA,0,0,0,https://api3.oslo.oslobors.no/v1/newsreader/message?messageId=683607
BAKKA,683605,2026-10-05T20:08:42.890Z,2026-10-05 22:08,Correction to Q3 2026 Trading Update,INNSIDEINFORMASJON,INSIDE INFORMATION,Bakkafrost P/f,0,0,0,https://api3.oslo.oslobors.no/v1/newsreader/message?messageId=683605
NHY,683599,2026-10-05T17:00:00.988Z,2026-10-05 19:00,Norsk Hydro: Update on Alunorte gas supply situation,IKKE-INFORMASJONSPLIKTIGE PRESSEMELDINGER,NON-REGULATORY PRESS RELEASES,Norsk Hydro ASA,0,0,0,https://api3.oslo.oslobors.no/v1/newsreader/message?messageId=683599
NHY,683598,2026-10-05T17:00:00.862Z,2026-10-05 19:00,Norsk Hydro: Oppdatering om gassforsyningssituasjonen ved Alunorte,IKKE-INFORMASJONSPLIKTIGE PRESSEMELDINGER,NON-REGULATORY PRESS RELEASES,Norsk Hydro ASA,0,0,0,https://api3.oslo.oslobors.no/v1/newsreader/message?messageId=683598
BAKKA,683596,2026-10-05T16:04:01.373Z,2026-10-05 18:04,Q3 2026 Trading Update,INNSIDEINFORMASJON,INSIDE INFORMATION,Bakkafrost P/f,0,0,0,https://api3.oslo.oslobors.no/v1/newsreader/message?messageId=683596
HAFNI,683536,2026-10-05T05:15:00.000Z,2026-10-05 07:15,HAFNIA LIMITED: Share Capital Increase Registered,KAPITAL- OG STEMMERETTSENDRINGER,TOTAL NUMBER OF VOTING RIGHTS AND CAPITAL,Hafnia Limited,0,0,0,https://api3.oslo.oslobors.no/v1/newsreader/message?messageId=683536
BAKKA,683529,2026-10-02T20:04:19.570Z,2026-10-02 22:04,Share Savings Plan Transaction,MELDEPLIKTIG HANDEL FOR PRIMÆRINNSIDERE,MANAGERS’ TRANSACTION,Bakkafrost P/f,0,0,0,https://api3.oslo.oslobors.no/v1/newsreader/message?messageId=683529
SUBC,683512,2026-10-02T12:15:04.835Z,2026-10-02 14:15,Subsea 7 S.A. Notification of transactions by primary insiders,MELDEPLIKTIG HANDEL FOR PRIMÆRINNSIDERE,MANAGERS’ TRANSACTION,Subsea 7 S.A.,1,0,0,https://api3.oslo.oslobors.no/v1/newsreader/message?messageId=683512
SUBC,683511,2026-10-02T12:15:02.427Z,2026-10-02 14:15,Subsea 7 S.A. Treasury Shares,INNSIDEINFORMASJON,INSIDE INFORMATION,Subsea 7 S.A.,1,0,0,https://api3.oslo.oslobors.no/v1/newsreader/message?messageId=683511
EQNR,683510,2026-10-02T12:12:19.905Z,2026-10-02 14:12,Correction: Equinor ASA: Buy-back of shares to share programmes for employees,UTSTEDERS MELDEPLIKT VED HANDEL I EGNE AKSJER,ACQUISITION OR DISPOSAL OF AN ISSUER'S OWN SHARES,Equinor ASA,1,0,0,https://api3.oslo.oslobors.no/v1/newsreader/message?messageId=683510
EQNR,683509,2026-10-02T12:12:19.303Z,2026-10-02 14:12,Korreksjon: Equinor ASA: Kjøp av aksjer til aksjeprogram for ansatte,UTSTEDERS MELDEPLIKT VED HANDEL I EGNE AKSJER,ACQUISITION OR DISPOSAL OF AN ISSUER'S OWN SHARES,Equinor ASA,1,0,0,https://api3.oslo.oslobors.no/v1/newsreader/message?messageId=683509
NRC,683508,2026-10-02T12:05:03.458Z,2026-10-02 14:05,NRC Group ASA - Appointed to a civil contract in Finland - EUR 3.8 million,INNSIDEINFORMASJON,INSIDE INFORMATION,NRC Group ASA,0,0,0,https://api3.oslo.oslobors.no/v1/newsreader/message?messageId=683508
AKRBP,683484,2026-10-02T10:00:06.573Z,2026-10-02 12:00,Aker BP appoints new executive management team,IKKE-INFORMASJONSPLIKTIGE PRESSEMELDINGER,NON-REGULATORY PRESS RELEASES,Aker BP ASA,0,0,0,https://api3.oslo.oslobors.no/v1/newsreader/message?messageId=683484
TEKNA,683402,2026-10-01T08:04:35.626Z,2026-10-01 10:04,Tekna Holding ASA: Egil Haugsdal elected Chair of the Board; minutes from extraordinary general meeting,ANNEN INFORMASJONSPLIKTIG REGULATORISK INFORMASJON,ADDITIONAL REGULATED INFORMATION REQUIRED TO BE DISCLOSED UNDER THE LAWS OF A MEMBER STATE,Tekna Holding ASA,2,0,0,https://api3.oslo.oslobors.no/v1/newsreader/message?messageId=683402
VEI,683397,2026-10-01T06:45:05.515Z,2026-10-01 08:45,Veidekke: Boligprosjekt i Oslo i partnerskap med Union,IKKE-INFORMASJONSPLIKTIGE PRESSEMELDINGER,NON-REGULATORY PRESS RELEASES,Veidekke ASA,0,0,0,https://api3.oslo.oslobors.no/v1/newsreader/message?messageId=683397
VEI,683396,2026-10-01T06:45:05.370Z,2026-10-01 08:45,Veidekke: Residential Development Project in Oslo in Partnership with Union,IKKE-INFORMASJONSPLIKTIGE PRESSEMELDINGER,NON-REGULATORY PRESS RELEASES,Veidekke ASA,0,0,0,https://api3.oslo.oslobors.no/v1/newsreader/message?messageId=683396
NOM,683365,2026-09-30T17:25:41.883Z,2026-09-30 19:25,Nordic Mining: CEO Finn Ivar Marum resigns - Otto Søberg appointed interim CEO,ANNEN INFORMASJONSPLIKTIG REGULATORISK INFORMASJON,ADDITIONAL REGULATED INFORMATION REQUIRED TO BE DISCLOSED UNDER THE LAWS OF A MEMBER STATE,Nordic Mining ASA,0,0,0,https://api3.oslo.oslobors.no/v1/newsreader/message?messageId=683365
NOM,683364,2026-09-30T17:08:40.967Z,2026-09-30 19:08,Nordic Mining ASA: Approval of temporary discharge permit,IKKE-INFORMASJONSPLIKTIGE PRESSEMELDINGER,NON-REGULATORY PRESS RELEASES,Nordic Mining ASA,0,0,0,https://api3.oslo.oslobors.no/v1/newsreader/message?messageId=683364
VAR,683327,2026-09-30T09:00:05.502Z,2026-09-30 11:00,Vår Energi ASA completes acquisition of Pandion Energy AS' portfolio,ANNEN INFORMASJONSPLIKTIG REGULATORISK INFORMASJON,ADDITIONAL REGULATED INFORMATION REQUIRED TO BE DISCLOSED UNDER THE LAWS OF A MEMBER STATE,Vår Energi ASA,0,0,0,https://api3.oslo.oslobors.no/v1/newsreader/message?messageId=683327
NOM,683323,2026-09-30T08:27:02.455Z,2026-09-30 10:27,Nordic Mining ASA: Barton has terminated the Offtake Agreement with ERG,INNSIDEINFORMASJON,INSIDE INFORMATION,Nordic Mining ASA,0,0,0,https://api3.oslo.oslobors.no/v1/newsreader/message?messageId=683323
KOG,683275,2026-09-29T17:07:31.571Z,2026-09-29 19:07,Netherlands expands air defense capacity,IKKE-INFORMASJONSPLIKTIGE PRESSEMELDINGER,NON-REGULATORY PRESS RELEASES,Kongsberg Gruppen ASA,0,0,0,https://api3.oslo.oslobors.no/v1/newsreader/message?messageId=683275
KOG,683274,2026-09-29T17:07:31.570Z,2026-09-29 19:07,Nederland utvider luftvernkapasitet ,IKKE-INFORMASJONSPLIKTIGE PRESSEMELDINGER,NON-REGULATORY PRESS RELEASES,Kongsberg Gruppen ASA,0,0,0,https://api3.oslo.oslobors.no/v1/newsreader/message?messageId=683274
KOG,683273,2026-09-29T17:04:06.536Z,2026-09-29 19:04,Belgia kjøper NASAMS luftvernsystem fra KONGSBERG,INNSIDEINFORMASJON,INSIDE INFORMATION,Kongsberg Gruppen ASA,0,0,0,https://api3.oslo.oslobors.no/v1/newsreader/message?messageId=683273
KOG,683272,2026-09-29T17:04:06.527Z,2026-09-29 19:04,Belgium orders NASAMS air defence system from KONGSBERG,INNSIDEINFORMASJON,INSIDE INFORMATION,Kongsberg Gruppen ASA,0,0,0,https://api3.oslo.oslobors.no/v1/newsreader/message?messageId=683272
LSG,683252,2026-09-29T11:48:58.838Z,2026-09-29 13:48,Rentefastsettelse,RENTEREGULERING,ADJUSTMENT OF INTEREST RATE,Lerøy Seafood Group ASA,1,0,0,https://api3.oslo.oslobors.no/v1/newsreader/message?messageId=683252
EQNR,683216,2026-09-29T06:00:16.276Z,2026-09-29 08:00,Equinor ASA: Tilbakekjøp av egne aksjer - tredje transje for 2026,UTSTEDERS MELDEPLIKT VED HANDEL I EGNE AKSJER,ACQUISITION OR DISPOSAL OF AN ISSUER'S OWN SHARES,Equinor ASA,1,0,0,https://api3.oslo.oslobors.no/v1/newsreader/message?messageId=683216
EQNR,683215,2026-09-29T06:00:16.198Z,2026-09-29 08:00,Equinor ASA: Share buy-back - third tranche for 2026,UTSTEDERS MELDEPLIKT VED HANDEL I EGNE AKSJER,ACQUISITION OR DISPOSAL OF AN ISSUER'S OWN SHARES,Equinor ASA,1,0,0,https://api3.oslo.oslobors.no/v1/newsreader/message?messageId=683215
NAS,683214,2026-09-29T05:57:24.221Z,2026-09-29 07:57,"The Goldman Sachs Group, Inc. Disclosure in NORWEGIAN AIR SHUTTLE ASA- 25 September 2026",FLAGGING,MAJOR SHAREHOLDINGS NOTIFICATION,Norwegian Air Shuttle ASA,1,0,0,https://api3.oslo.oslobors.no/v1/newsreader/message?messageId=683214
NHY,683203,2026-09-28T14:15:00.633Z,2026-09-28 16:15,Norsk Hydro: Hydro to receive EUR 28 million compensation following wind farm sale,IKKE-INFORMASJONSPLIKTIGE PRESSEMELDINGER,NON-REGULATORY PRESS RELEASES,Norsk Hydro ASA,0,0,0,https://api3.oslo.oslobors.no/v1/newsreader/message?messageId=683203
NHY,683202,2026-09-28T14:15:00.629Z,2026-09-28 16:15,Norsk Hydro: Hydro forventer å motta 28 millioner euro i kompensasjon etter salg av vindpark,IKKE-INFORMASJONSPLIKTIGE PRESSEMELDINGER,NON-REGULATORY PRESS RELEASES,Norsk Hydro ASA,0,0,0,https://api3.oslo.oslobors.no/v1/newsreader/message?messageId=683202
NRC,683145,2026-09-28T08:09:02.971Z,2026-09-28 10:09,NRC Group ASA - Appointed to a civil contract in Norway - NOK 38 million,IKKE-INFORMASJONSPLIKTIGE PRESSEMELDINGER,NON-REGULATORY PRESS RELEASES,NRC Group ASA,0,0,0,https://api3.oslo.oslobors.no/v1/newsreader/message?messageId=683145
KOG,683137,2026-09-28T07:03:14.178Z,2026-09-28 09:03,KONGSBERG signerer rammeavtale for NSM-utstyr til U.S. Marine Corps (USMC),IKKE-INFORMASJONSPLIKTIGE PRESSEMELDINGER,NON-REGULATORY PRESS RELEASES,Kongsberg Gruppen ASA,0,0,0,https://api3.oslo.oslobors.no/v1/newsreader/message?messageId=683137
KOG,683136,2026-09-28T07:03:14.158Z,2026-09-28 09:03,KONGSBERG signs frame agreement for NSM equipment to U.S. Marine Corps (USMC),IKKE-INFORMASJONSPLIKTIGE PRESSEMELDINGER,NON-REGULATORY PRESS RELEASES,Kongsberg Gruppen ASA,0,0,0,https://api3.oslo.oslobors.no/v1/newsreader/message?messageId=683136
NAS,683133,2026-09-28T06:35:26.951Z,2026-09-28 08:35,Norwegian Air Shuttle ASA - shareholding disclosure,FLAGGING,MAJOR SHAREHOLDINGS NOTIFICATION,Norwegian Air Shuttle ASA,1,0,0,https://api3.oslo.oslobors.no/v1/newsreader/message?messageId=683133
AKRBP,683129,2026-09-28T06:30:17.678Z,2026-09-28 08:30,Employee share programme completed,MELDEPLIKTIG HANDEL FOR PRIMÆRINNSIDERE,MANAGERS’ TRANSACTION,Aker BP ASA,1,0,0,https://api3.oslo.oslobors.no/v1/newsreader/message?messageId=683129
HAFNI,683105,2026-09-25T20:23:08.740Z,2026-09-25 22:23,HAFNIA LIMITED: Public filing of prospectus supplement in connection with the Offering,ANNEN INFORMASJONSPLIKTIG REGULATORISK INFORMASJON,ADDITIONAL REGULATED INFORMATION REQUIRED TO BE DISCLOSED UNDER THE LAWS OF A MEMBER STATE,Hafnia Limited,0,0,0,https://api3.oslo.oslobors.no/v1/newsreader/message?messageId=683105
AFG,683095,2026-09-25T14:30:00.000Z,2026-09-25 16:30,Avslutter tilbakekjøp av egne aksjer,UTSTEDERS MELDEPLIKT VED HANDEL I EGNE AKSJER,ACQUISITION OR DISPOSAL OF AN ISSUER'S OWN SHARES,AF Gruppen ASA,2,0,0,https://api3.oslo.oslobors.no/v1/newsreader/message?messageId=683095
AFG,683096,2026-09-25T14:30:00.000Z,2026-09-25 16:30,Ends buyback of own shares,UTSTEDERS MELDEPLIKT VED HANDEL I EGNE AKSJER,ACQUISITION OR DISPOSAL OF AN ISSUER'S OWN SHARES,AF Gruppen ASA,2,0,0,https://api3.oslo.oslobors.no/v1/newsreader/message?messageId=683096
TGS,683093,2026-09-25T12:38:23.844Z,2026-09-25 14:38,Financial calendar,ANNEN INFORMASJONSPLIKTIG REGULATORISK INFORMASJON,ADDITIONAL REGULATED INFORMATION REQUIRED TO BE DISCLOSED UNDER THE LAWS OF A MEMBER STATE,TGS ASA,0,0,0,https://api3.oslo.oslobors.no/v1/newsreader/message?messageId=683093
VEI,683090,2026-09-25T12:03:07.231Z,2026-09-25 14:03,Veidekke: To Build 51 apartments in Arendal,IKKE-INFORMASJONSPLIKTIGE PRESSEMELDINGER,NON-REGULATORY PRESS RELEASES,Veidekke ASA,0,0,0,https://api3.oslo.oslobors.no/v1/newsreader/message?messageId=683090
VEI,683088,2026-09-25T11:58:06.999Z,2026-09-25 13:58,Veidekke: Bygger 51 leiligheter i Arendal,IKKE-INFORMASJONSPLIKTIGE PRESSEMELDINGER,NON-REGULATORY PRESS RELEASES,Veidekke ASA,0,0,0,https://api3.oslo.oslobors.no/v1/newsreader/message?messageId=683088
SALM,683077,2026-09-25T11:37:13.723Z,2026-09-25 13:37,SalMar - Mandatory notification of trade,MELDEPLIKTIG HANDEL FOR PRIMÆRINNSIDERE,MANAGERS’ TRANSACTION,SalMar ASA,1,0,0,https://api3.oslo.oslobors.no/v1/newsreader/message?messageId=683077
SALM,683076,2026-09-25T11:37:13.698Z,2026-09-25 13:37,SalMar - Meldepliktig handel,MELDEPLIKTIG HANDEL FOR PRIMÆRINNSIDERE,MANAGERS’ TRANSACTION,SalMar ASA,1,0,0,https://api3.oslo.oslobors.no/v1/newsreader/message?messageId=683076
HAFNI,682980,2026-09-24T11:20:29.956Z,2026-09-24 13:20,HAFNIA LIMITED: Mandatory notification of trade - Share lending in connection with Offering,MELDEPLIKTIG HANDEL FOR PRIMÆRINNSIDERE,MANAGERS’ TRANSACTION,Hafnia Limited,1,0,0,https://api3.oslo.oslobors.no/v1/newsreader/message?messageId=682980
HAFNI,682977,2026-09-24T10:55:17.823Z,2026-09-24 12:55,OSLO BØRS – TRADING RESUMPTION,SUSPENSJONER,TRADING HALTS,Hafnia Limited,0,0,0,https://api3.oslo.oslobors.no/v1/newsreader/message?messageId=682977
HAFNI,682975,2026-09-24T10:45:16.621Z,2026-09-24 12:45,HAFNIA LIMITED: Completion and pricing of placement of ordinary shares,INNSIDEINFORMASJON,INSIDE INFORMATION,Hafnia Limited,1,0,0,https://api3.oslo.oslobors.no/v1/newsreader/message?messageId=682975
HAFNI,682961,2026-09-24T06:32:40.742Z,2026-09-24 08:32,OSLO BØRS – TRADING SUSPENSION,SUSPENSJONER,TRADING HALTS,Hafnia Limited,0,0,0,https://api3.oslo.oslobors.no/v1/newsreader/message?messageId=682961
HAFNI,682956,2026-09-24T06:05:00.000Z,2026-09-24 08:05,HAFNIA LIMITED: Acquisition of an additional 1.7 million TORM shares,IKKE-INFORMASJONSPLIKTIGE PRESSEMELDINGER,NON-REGULATORY PRESS RELEASES,Hafnia Limited,0,0,0,https://api3.oslo.oslobors.no/v1/newsreader/message?messageId=682956
NAS,682953,2026-09-24T06:01:12.729Z,2026-09-24 08:01,"The Goldman Sachs Group, Inc. Disclosure in NORWEGIAN AIR SHUTTLE ASA- 22 September 2026",FLAGGING,MAJOR SHAREHOLDINGS NOTIFICATION,Norwegian Air Shuttle ASA,1,0,0,https://api3.oslo.oslobors.no/v1/newsreader/message?messageId=682953
HAFNI,682952,2026-09-24T06:00:08.342Z,2026-09-24 08:00,HAFNIA LIMITED: Reminder of trading suspension on Euronext Oslo Børs,ANNEN INFORMASJONSPLIKTIG REGULATORISK INFORMASJON,ADDITIONAL REGULATED INFORMATION REQUIRED TO BE DISCLOSED UNDER THE LAWS OF A MEMBER STATE,Hafnia Limited,1,0,0,https://api3.oslo.oslobors.no/v1/newsreader/message?messageId=682952
HAFNI,682948,2026-09-23T20:26:22.379Z,2026-09-23 22:26,HAFNIA LIMITED: Contemplated offering of ordinary shares,INNSIDEINFORMASJON,INSIDE INFORMATION,Hafnia Limited,1,0,0,https://api3.oslo.oslobors.no/v1/newsreader/message?messageId=682948
SUBC,682944,2026-09-23T15:35:14.552Z,2026-09-23 17:35,Subsea 7 S.A. announces details of share related awards,MELDEPLIKTIG HANDEL FOR PRIMÆRINNSIDERE,MANAGERS’ TRANSACTION,Subsea 7 S.A.,1,0,0,https://api3.oslo.oslobors.no/v1/newsreader/message?messageId=682944
BNOR,682943,2026-09-23T15:31:22.639Z,2026-09-23 17:31,"The Goldman Sachs Group, Inc. Disclosure in BLUENORD ASA",FLAGGING,MAJOR SHAREHOLDINGS NOTIFICATION,BlueNord ASA,1,0,0,https://api3.oslo.oslobors.no/v1/newsreader/message?messageId=682943
SUBC,682942,2026-09-23T15:21:19.103Z,2026-09-23 17:21,Subsea7 awarded contract extension offshore Türkiye,INNSIDEINFORMASJON,INSIDE INFORMATION,Subsea 7 S.A.,1,0,0,https://api3.oslo.oslobors.no/v1/newsreader/message?messageId=682942
VEI,682936,2026-09-23T12:24:07.999Z,2026-09-23 14:24,Veidekke: To Build 73 Apartments at Bøler for SPG,IKKE-INFORMASJONSPLIKTIGE PRESSEMELDINGER,NON-REGULATORY PRESS RELEASES,Veidekke ASA,0,0,0,https://api3.oslo.oslobors.no/v1/newsreader/message?messageId=682936
VEI,682935,2026-09-23T12:16:07.762Z,2026-09-23 14:16,Veidekke: Bygger 73 leiligheter på Bøler for SPG,IKKE-INFORMASJONSPLIKTIGE PRESSEMELDINGER,NON-REGULATORY PRESS RELEASES,Veidekke ASA,0,0,0,https://api3.oslo.oslobors.no/v1/newsreader/message?messageId=682935
NOM,682904,2026-09-23T09:24:13.524Z,2026-09-23 11:24,Nordic Mining ASA: Legal proceedings initiated by EPC contractor,IKKE-INFORMASJONSPLIKTIGE PRESSEMELDINGER,NON-REGULATORY PRESS RELEASES,Nordic Mining ASA,0,0,0,https://api3.oslo.oslobors.no/v1/newsreader/message?messageId=682904
NHY,682891,2026-09-23T06:00:01.049Z,2026-09-23 08:00,Norsk Hydro: Invitation to Hydro's third quarter results 2026,IKKE-INFORMASJONSPLIKTIGE PRESSEMELDINGER,NON-REGULATORY PRESS RELEASES,Norsk Hydro ASA,0,0,0,https://api3.oslo.oslobors.no/v1/newsreader/message?messageId=682891
NHY,682890,2026-09-23T06:00:00.994Z,2026-09-23 08:00,Norsk Hydro: Invitasjon til presentasjon av Hydros resultat for tredje kvartal 2026,IKKE-INFORMASJONSPLIKTIGE PRESSEMELDINGER,NON-REGULATORY PRESS RELEASES,Norsk Hydro ASA,0,0,0,https://api3.oslo.oslobors.no/v1/newsreader/message?messageId=682890
HAFNI,682882,2026-09-23T05:15:07.440Z,2026-09-23 07:15,HAFNIA LIMITED: Results of Extraordinary General Meeting ,ANNEN INFORMASJONSPLIKTIG REGULATORISK INFORMASJON,ADDITIONAL REGULATED INFORMATION REQUIRED TO BE DISCLOSED UNDER THE LAWS OF A MEMBER STATE,Hafnia Limited,0,0,0,https://api3.oslo.oslobors.no/v1/newsreader/message?messageId=682882
