ticker,data_sesji_oslo,zamkniecie,wolumen,waluta
AFG,2025-10-07,170.2,21278,NOK
AFG,2025-10-08,173.0,68681,NOK
AFG,2025-10-09,173.2,69038,NOK
AFG,2025-10-10,174.4,56194,NOK
AFG,2025-10-13,172.4,16112,NOK
AFG,2025-10-14,169.0,58869,NOK
AFG,2025-10-15,170.6,10941,NOK
AFG,2025-10-16,167.0,30736,NOK
AFG,2025-10-17,166.8,46996,NOK
AFG,2025-10-20,168.2,7572,NOK
AFG,2025-10-21,170.4,26949,NOK
AFG,2025-10-22,169.8,21683,NOK
AFG,2025-10-23,169.2,10780,NOK
AFG,2025-10-24,169.8,12344,NOK
AFG,2025-10-27,170.6,16566,NOK
AFG,2025-10-28,172.0,11675,NOK
AFG,2025-10-29,171.8,20914,NOK
AFG,2025-10-30,170.0,60906,NOK
AFG,2025-10-31,170.4,18184,NOK
AFG,2025-11-03,171.4,12338,NOK
AFG,2025-11-04,168.0,41359,NOK
AFG,2025-11-05,167.6,7071,NOK
AFG,2025-11-06,167.4,10422,NOK
AFG,2025-11-07,167.6,15913,NOK
AFG,2025-11-10,171.4,19851,NOK
AFG,2025-11-11,166.6,7267,NOK
AFG,2025-11-12,166.0,25703,NOK
AFG,2025-11-13,168.8,17690,NOK
AFG,2025-11-14,179.8,168349,NOK
AFG,2025-11-17,181.8,93480,NOK
AFG,2025-11-18,172.0,54839,NOK
AFG,2025-11-19,175.8,56915,NOK
AFG,2025-11-20,180.6,73110,NOK
AFG,2025-11-21,177.4,25740,NOK
AFG,2025-11-24,180.0,29495,NOK
AFG,2025-11-25,178.2,20744,NOK
AFG,2025-11-26,177.0,19471,NOK
AFG,2025-11-27,182.0,36721,NOK
AFG,2025-11-28,181.2,10935,NOK
AFG,2025-12-01,178.4,10075,NOK
AFG,2025-12-02,178.2,13036,NOK
AFG,2025-12-03,180.2,2557015,NOK
AFG,2025-12-04,181.4,32222,NOK
AFG,2025-12-05,182.4,21931,NOK
AFG,2025-12-08,184.6,33653,NOK
AFG,2025-12-09,184.6,28537,NOK
AFG,2025-12-10,185.0,41680,NOK
AFG,2025-12-11,184.4,26967,NOK
AFG,2025-12-12,186.8,68468,NOK
AFG,2025-12-15,186.6,29519,NOK
AFG,2025-12-16,184.2,11980,NOK
AFG,2025-12-17,185.8,20722,NOK
AFG,2025-12-18,183.8,24270,NOK
AFG,2025-12-19,187.0,42408,NOK
AFG,2025-12-22,183.6,25708,NOK
AFG,2025-12-23,186.4,22721,NOK
AFG,2025-12-29,186.6,29475,NOK
AFG,2025-12-30,188.2,31042,NOK
AFG,2026-01-02,186.4,10646,NOK
AFG,2026-01-05,185.2,27607,NOK
AFG,2026-01-06,184.8,17851,NOK
AFG,2026-01-07,186.8,60927,NOK
AFG,2026-01-08,186.6,19869,NOK
AFG,2026-01-09,184.4,18195,NOK
AFG,2026-01-12,185.4,33533,NOK
AFG,2026-01-13,183.6,18986,NOK
AFG,2026-01-14,184.6,26982,NOK
AFG,2026-01-15,185.6,16727,NOK
AFG,2026-01-16,184.0,16649,NOK
AFG,2026-01-19,183.2,18756,NOK
AFG,2026-01-20,181.2,18933,NOK
AFG,2026-01-21,180.0,22452,NOK
AFG,2026-01-22,182.2,32082,NOK
AFG,2026-01-23,182.8,11881,NOK
AFG,2026-01-26,182.0,13451,NOK
AFG,2026-01-27,181.6,15085,NOK
AFG,2026-01-28,182.0,15720,NOK
AFG,2026-01-29,181.6,17885,NOK
AFG,2026-01-30,184.6,55479,NOK
AFG,2026-02-02,187.6,57345,NOK
AFG,2026-02-03,189.0,60146,NOK
AFG,2026-02-04,187.0,27286,NOK
AFG,2026-02-05,187.6,29463,NOK
AFG,2026-02-06,188.4,20477,NOK
AFG,2026-02-09,188.4,17910,NOK
AFG,2026-02-10,188.2,18918,NOK
AFG,2026-02-11,186.2,16007,NOK
AFG,2026-02-12,191.0,107383,NOK
AFG,2026-02-13,184.0,207963,NOK
AFG,2026-02-16,189.0,34603,NOK
AFG,2026-02-17,185.0,32416,NOK
AFG,2026-02-18,187.0,27585,NOK
AFG,2026-02-19,186.0,22825,NOK
AFG,2026-02-20,186.6,20485,NOK
AFG,2026-02-23,188.0,31482,NOK
AFG,2026-02-24,190.4,65345,NOK
AFG,2026-02-25,186.0,44797,NOK
AFG,2026-02-26,186.4,46805,NOK
AFG,2026-02-27,189.6,80344,NOK
AFG,2026-03-02,188.2,34521,NOK
AFG,2026-03-03,184.2,40025,NOK
AFG,2026-03-04,186.4,21162,NOK
AFG,2026-03-05,184.6,44928,NOK
AFG,2026-03-06,182.4,34889,NOK
AFG,2026-03-09,179.6,26380,NOK
AFG,2026-03-10,181.6,25793,NOK
AFG,2026-03-11,180.8,18402,NOK
AFG,2026-03-12,178.2,62287,NOK
AFG,2026-03-13,177.0,61149,NOK
AFG,2026-03-16,180.4,45696,NOK
AFG,2026-03-17,177.0,32136,NOK
AFG,2026-03-18,180.0,25747,NOK
AFG,2026-03-19,175.6,22281,NOK
AFG,2026-03-20,173.4,66473,NOK
AFG,2026-03-23,174.0,67395,NOK
AFG,2026-03-24,175.0,20073,NOK
AFG,2026-03-25,174.6,22154,NOK
AFG,2026-03-26,171.0,34247,NOK
AFG,2026-03-27,167.4,29677,NOK
AFG,2026-03-30,167.6,37271,NOK
AFG,2026-03-31,170.0,29617,NOK
AFG,2026-04-01,173.4,12108,NOK
AFG,2026-04-07,173.0,48019,NOK
AFG,2026-04-08,175.6,27662,NOK
AFG,2026-04-09,175.6,14764,NOK
AFG,2026-04-10,177.8,79068,NOK
AFG,2026-04-13,176.4,128791,NOK
AFG,2026-04-14,177.0,14510,NOK
AFG,2026-04-15,178.2,28362,NOK
AFG,2026-04-16,180.0,19405,NOK
AFG,2026-04-17,179.2,10978,NOK
AFG,2026-04-20,175.6,29561,NOK
AFG,2026-04-21,173.6,20849,NOK
AFG,2026-04-22,173.4,23037,NOK
AFG,2026-04-23,171.8,34108,NOK
AFG,2026-04-24,170.8,85509,NOK
AFG,2026-04-27,171.0,52091,NOK
AFG,2026-04-28,175.0,79074,NOK
AFG,2026-04-29,175.8,33854,NOK
AFG,2026-04-30,178.2,27355,NOK
AFG,2026-05-04,177.4,35398,NOK
AFG,2026-05-05,178.2,44947,NOK
AFG,2026-05-06,176.8,19701,NOK
AFG,2026-05-07,176.6,21954,NOK
AFG,2026-05-08,174.0,15217,NOK
AFG,2026-05-11,172.6,22369,NOK
AFG,2026-05-12,173.2,38183,NOK
AFG,2026-05-13,182.8,101212,NOK
AFG,2026-05-15,179.4,79757,NOK
AFG,2026-05-18,182.0,66409,NOK
AFG,2026-05-19,182.0,36640,NOK
AFG,2026-05-20,183.0,40903,NOK
AFG,2026-05-21,183.6,28959,NOK
AFG,2026-05-22,185.0,36289,NOK
AFG,2026-05-26,188.2,79199,NOK
AFG,2026-05-27,187.0,32147,NOK
AFG,2026-05-28,185.2,21337,NOK
AFG,2026-05-29,185.6,136211,NOK
AFG,2026-06-01,182.8,20895,NOK
AFG,2026-06-02,180.6,39797,NOK
AFG,2026-06-03,178.6,26865,NOK
AFG,2026-06-04,180.0,16937,NOK
AFG,2026-06-05,184.6,24391,NOK
AFG,2026-06-08,186.0,39446,NOK
AFG,2026-06-09,183.6,39017,NOK
AFG,2026-06-10,185.8,21231,NOK
AFG,2026-06-11,183.8,19716,NOK
AFG,2026-06-12,187.2,38682,NOK
AFG,2026-06-15,185.8,65959,NOK
AFG,2026-06-16,186.2,8997,NOK
AFG,2026-06-17,187.2,11506,NOK
AFG,2026-06-18,187.0,30635,NOK
AFG,2026-06-19,189.4,30738,NOK
AFG,2026-06-22,190.4,66882,NOK
AFG,2026-06-23,189.8,25516,NOK
AFG,2026-06-24,190.8,19717,NOK
AFG,2026-06-25,193.6,69000,NOK
AFG,2026-06-26,195.0,21668,NOK
AFG,2026-06-29,194.6,59000,NOK
AFG,2026-06-30,193.4,30307,NOK
AFG,2026-07-01,193.8,27581,NOK
AFG,2026-07-02,196.6,50869,NOK
AFG,2026-07-03,198.4,64585,NOK
AFG,2026-07-06,197.8,17757,NOK
AFG,2026-07-07,196.0,27457,NOK
AFG,2026-07-08,195.8,19827,NOK
AFG,2026-07-09,199.8,84555,NOK
AFG,2026-07-10,198.8,38421,NOK
AFG,2026-07-13,196.4,19741,NOK
AFG,2026-07-14,194.8,16808,NOK
AFG,2026-07-15,195.0,14818,NOK
AFG,2026-07-16,195.0,12578,NOK
AFG,2026-07-17,192.6,22104,NOK
AFG,2026-07-20,191.8,18881,NOK
AFG,2026-07-21,192.6,15835,NOK
AFG,2026-07-22,193.6,12180,NOK
AFG,2026-07-23,191.0,13384,NOK
AFG,2026-07-24,190.8,9976,NOK
AFG,2026-07-27,190.2,5252,NOK
AFG,2026-07-28,190.0,20071,NOK
AFG,2026-07-29,187.2,25172,NOK
AFG,2026-07-30,189.4,20298,NOK
AFG,2026-07-31,189.4,13566,NOK
AFG,2026-08-03,187.2,16986,NOK
AFG,2026-08-04,187.2,12250,NOK
AFG,2026-08-05,183.6,16831,NOK
AFG,2026-08-06,185.8,17216,NOK
AFG,2026-08-07,186.8,29311,NOK
AFG,2026-08-10,184.8,7924,NOK
AFG,2026-08-11,187.8,24425,NOK
AFG,2026-08-12,186.6,29401,NOK
AFG,2026-08-13,189.0,8057,NOK
AFG,2026-08-14,193.4,42512,NOK
AFG,2026-08-17,194.8,33766,NOK
AFG,2026-08-18,191.6,28123,NOK
AFG,2026-08-19,189.8,19513,NOK
AFG,2026-08-20,188.4,13811,NOK
AFG,2026-08-21,190.8,74213,NOK
AFG,2026-08-24,191.6,9554,NOK
AFG,2026-08-25,193.6,30989,NOK
AFG,2026-08-26,194.8,20354,NOK
AFG,2026-08-27,195.4,18830,NOK
AFG,2026-08-28,200.0,151343,NOK
AFG,2026-08-31,196.4,44245,NOK
AFG,2026-09-01,193.2,42761,NOK
AFG,2026-09-02,192.2,27716,NOK
AFG,2026-09-03,190.4,12166,NOK
AFG,2026-09-04,190.6,17815,NOK
AFG,2026-09-07,188.2,22449,NOK
AFG,2026-09-08,189.6,16120,NOK
AFG,2026-09-09,187.6,16377,NOK
AFG,2026-09-10,185.8,22893,NOK
AFG,2026-09-11,186.0,15953,NOK
AFG,2026-09-14,186.4,41577,NOK
AFG,2026-09-15,187.0,22733,NOK
AFG,2026-09-16,188.8,37480,NOK
AFG,2026-09-17,193.2,148168,NOK
AFG,2026-09-18,192.6,88881,NOK
AFG,2026-09-21,194.6,62129,NOK
AFG,2026-09-22,198.0,98347,NOK
AFG,2026-09-23,198.8,99114,NOK
AFG,2026-09-24,198.8,60444,NOK
AFG,2026-09-25,197.2,137941,NOK
AFG,2026-09-28,199.2,22632,NOK
AFG,2026-09-29,198.0,42999,NOK
AFG,2026-09-30,196.4,26250,NOK
AFG,2026-10-01,195.0,22071,NOK
AFG,2026-10-02,196.0,28141,NOK
AFG,2026-10-05,192.4,21039,NOK
AFG,2026-10-06,192.2,17855,NOK
AFG,2026-10-07,191.0,10079,NOK
AKRBP,2025-10-07,262.8,713549,NOK
AKRBP,2025-10-08,265.6,814576,NOK
AKRBP,2025-10-09,264.1,1160370,NOK
AKRBP,2025-10-10,255.9,998281,NOK
AKRBP,2025-10-13,254.8,671159,NOK
AKRBP,2025-10-14,249.6,933484,NOK
AKRBP,2025-10-15,250.6,502582,NOK
AKRBP,2025-10-16,250.2,474270,NOK
AKRBP,2025-10-17,245.8,1134416,NOK
AKRBP,2025-10-20,246.0,681777,NOK
AKRBP,2025-10-21,248.3,826192,NOK
AKRBP,2025-10-22,256.5,1324359,NOK
AKRBP,2025-10-23,266.7,1759414,NOK
AKRBP,2025-10-24,266.5,1007352,NOK
AKRBP,2025-10-27,258.8,974975,NOK
AKRBP,2025-10-28,253.6,1012140,NOK
AKRBP,2025-10-29,258.2,852147,NOK
AKRBP,2025-10-30,262.8,733477,NOK
AKRBP,2025-10-31,262.9,684365,NOK
AKRBP,2025-11-03,262.7,817887,NOK
AKRBP,2025-11-04,258.0,1087022,NOK
AKRBP,2025-11-05,257.3,1228138,NOK
AKRBP,2025-11-06,256.0,1139916,NOK
AKRBP,2025-11-07,257.6,615873,NOK
AKRBP,2025-11-10,256.8,444540,NOK
AKRBP,2025-11-11,264.1,827397,NOK
AKRBP,2025-11-12,262.9,733073,NOK
AKRBP,2025-11-13,261.6,688285,NOK
AKRBP,2025-11-14,262.3,668268,NOK
AKRBP,2025-11-17,262.8,443205,NOK
AKRBP,2025-11-18,258.4,732402,NOK
AKRBP,2025-11-19,253.1,725390,NOK
AKRBP,2025-11-20,258.1,784338,NOK
AKRBP,2025-11-21,250.8,998997,NOK
AKRBP,2025-11-24,246.2,2245912,NOK
AKRBP,2025-11-25,242.9,1011128,NOK
AKRBP,2025-11-26,244.3,811001,NOK
AKRBP,2025-11-27,244.6,498409,NOK
AKRBP,2025-11-28,246.3,579731,NOK
AKRBP,2025-12-01,247.3,597678,NOK
AKRBP,2025-12-02,244.9,638315,NOK
AKRBP,2025-12-03,250.1,1032606,NOK
AKRBP,2025-12-04,251.6,683648,NOK
AKRBP,2025-12-05,253.1,799984,NOK
AKRBP,2025-12-08,253.6,436230,NOK
AKRBP,2025-12-09,251.2,707030,NOK
AKRBP,2025-12-10,247.7,677742,NOK
AKRBP,2025-12-11,249.7,1159960,NOK
AKRBP,2025-12-12,250.0,471550,NOK
AKRBP,2025-12-15,247.5,667998,NOK
AKRBP,2025-12-16,242.4,1044137,NOK
AKRBP,2025-12-17,245.5,1051217,NOK
AKRBP,2025-12-18,243.1,1019129,NOK
AKRBP,2025-12-19,245.4,2033450,NOK
AKRBP,2025-12-22,251.4,1047034,NOK
AKRBP,2025-12-23,250.3,534694,NOK
AKRBP,2025-12-29,252.8,686530,NOK
AKRBP,2025-12-30,256.9,896220,NOK
AKRBP,2026-01-02,259.9,965170,NOK
AKRBP,2026-01-05,255.6,1253121,NOK
AKRBP,2026-01-06,262.4,1048252,NOK
AKRBP,2026-01-07,253.1,2068271,NOK
AKRBP,2026-01-08,253.6,1263844,NOK
AKRBP,2026-01-09,262.5,1638823,NOK
AKRBP,2026-01-12,262.8,788882,NOK
AKRBP,2026-01-13,274.4,1744408,NOK
AKRBP,2026-01-14,275.6,1599630,NOK
AKRBP,2026-01-15,270.3,1154907,NOK
AKRBP,2026-01-16,278.9,1305002,NOK
AKRBP,2026-01-19,275.4,841651,NOK
AKRBP,2026-01-20,276.9,825720,NOK
AKRBP,2026-01-21,279.7,860070,NOK
AKRBP,2026-01-22,272.2,1065935,NOK
AKRBP,2026-01-23,279.5,1127733,NOK
AKRBP,2026-01-26,275.9,932887,NOK
AKRBP,2026-01-27,274.0,1540519,NOK
AKRBP,2026-01-28,276.7,989787,NOK
AKRBP,2026-01-29,283.2,1624589,NOK
AKRBP,2026-01-30,281.4,860332,NOK
AKRBP,2026-02-02,276.4,1191268,NOK
AKRBP,2026-02-03,273.7,1572959,NOK
AKRBP,2026-02-04,264.2,2311854,NOK
AKRBP,2026-02-05,262.9,1155511,NOK
AKRBP,2026-02-06,267.9,1500962,NOK
AKRBP,2026-02-09,267.5,1029187,NOK
AKRBP,2026-02-10,263.3,1388403,NOK
AKRBP,2026-02-11,275.0,2434217,NOK
AKRBP,2026-02-12,275.1,1645589,NOK
AKRBP,2026-02-13,274.0,1232324,NOK
AKRBP,2026-02-16,270.2,895284,NOK
AKRBP,2026-02-17,266.9,1321469,NOK
AKRBP,2026-02-18,279.6,1277660,NOK
AKRBP,2026-02-19,286.2,1730828,NOK
AKRBP,2026-02-20,281.9,1380964,NOK
AKRBP,2026-02-23,283.8,925322,NOK
AKRBP,2026-02-24,284.1,878577,NOK
AKRBP,2026-02-25,283.6,1109474,NOK
AKRBP,2026-02-26,280.7,1107923,NOK
AKRBP,2026-02-27,286.2,1913715,NOK
AKRBP,2026-03-02,296.2,3943200,NOK
AKRBP,2026-03-03,307.9,3916296,NOK
AKRBP,2026-03-04,300.0,2984540,NOK
AKRBP,2026-03-05,304.5,1995873,NOK
AKRBP,2026-03-06,309.0,2539868,NOK
AKRBP,2026-03-09,311.2,4149127,NOK
AKRBP,2026-03-10,304.4,2171673,NOK
AKRBP,2026-03-11,310.4,2017222,NOK
AKRBP,2026-03-12,315.5,1848334,NOK
AKRBP,2026-03-13,318.8,2604306,NOK
AKRBP,2026-03-16,335.2,2878767,NOK
AKRBP,2026-03-17,341.7,1739321,NOK
AKRBP,2026-03-18,342.9,2541258,NOK
AKRBP,2026-03-19,366.8,3687613,NOK
AKRBP,2026-03-20,351.6,7843486,NOK
AKRBP,2026-03-23,329.5,3213285,NOK
AKRBP,2026-03-24,342.2,1352809,NOK
AKRBP,2026-03-25,345.1,1450458,NOK
AKRBP,2026-03-26,347.8,1402036,NOK
AKRBP,2026-03-27,354.6,1896789,NOK
AKRBP,2026-03-30,362.4,2054643,NOK
AKRBP,2026-03-31,361.1,2064546,NOK
AKRBP,2026-04-01,340.2,1722519,NOK
AKRBP,2026-04-07,355.6,2623086,NOK
AKRBP,2026-04-08,320.4,3311562,NOK
AKRBP,2026-04-09,338.0,1817720,NOK
AKRBP,2026-04-10,339.0,1656302,NOK
AKRBP,2026-04-13,350.0,1734299,NOK
AKRBP,2026-04-14,344.7,2486810,NOK
AKRBP,2026-04-15,339.0,1431463,NOK
AKRBP,2026-04-16,342.9,1404977,NOK
AKRBP,2026-04-17,320.8,2321979,NOK
AKRBP,2026-04-20,329.8,1310030,NOK
AKRBP,2026-04-21,338.2,803748,NOK
AKRBP,2026-04-22,343.9,817996,NOK
AKRBP,2026-04-23,346.7,996459,NOK
AKRBP,2026-04-24,347.5,1231644,NOK
AKRBP,2026-04-27,350.4,1046159,NOK
AKRBP,2026-04-28,352.7,1157042,NOK
AKRBP,2026-04-29,357.5,1608266,NOK
AKRBP,2026-04-30,360.6,1842714,NOK
AKRBP,2026-05-04,364.3,1204545,NOK
AKRBP,2026-05-05,366.6,1151835,NOK
AKRBP,2026-05-06,339.8,2449589,NOK
AKRBP,2026-05-07,326.5,2211554,NOK
AKRBP,2026-05-08,333.8,1149977,NOK
AKRBP,2026-05-11,340.6,1024597,NOK
AKRBP,2026-05-12,344.9,922033,NOK
AKRBP,2026-05-13,338.1,5201725,NOK
AKRBP,2026-05-15,347.6,1331247,NOK
AKRBP,2026-05-18,355.7,1402181,NOK
AKRBP,2026-05-19,362.0,1484718,NOK
AKRBP,2026-05-20,358.5,1137105,NOK
AKRBP,2026-05-21,357.3,1483164,NOK
AKRBP,2026-05-22,351.6,1128967,NOK
AKRBP,2026-05-26,346.7,1060572,NOK
AKRBP,2026-05-27,333.1,1214157,NOK
AKRBP,2026-05-28,335.3,848502,NOK
AKRBP,2026-05-29,332.6,3104474,NOK
AKRBP,2026-06-01,343.3,1281752,NOK
AKRBP,2026-06-02,342.2,785913,NOK
AKRBP,2026-06-03,350.5,1112535,NOK
AKRBP,2026-06-04,347.8,714477,NOK
AKRBP,2026-06-05,348.5,796924,NOK
AKRBP,2026-06-08,347.7,930142,NOK
AKRBP,2026-06-09,344.7,801751,NOK
AKRBP,2026-06-10,347.6,799129,NOK
AKRBP,2026-06-11,354.7,859768,NOK
AKRBP,2026-06-12,343.4,938673,NOK
AKRBP,2026-06-15,321.3,1593227,NOK
AKRBP,2026-06-16,318.1,1036587,NOK
AKRBP,2026-06-17,319.1,755716,NOK
AKRBP,2026-06-18,308.9,1198076,NOK
AKRBP,2026-06-19,314.8,1155406,NOK
AKRBP,2026-06-22,314.2,705667,NOK
AKRBP,2026-06-23,315.6,812910,NOK
AKRBP,2026-06-24,307.1,1239300,NOK
AKRBP,2026-06-25,304.1,1263381,NOK
AKRBP,2026-06-26,303.1,1040220,NOK
AKRBP,2026-06-29,303.0,858518,NOK
AKRBP,2026-06-30,303.2,1099886,NOK
AKRBP,2026-07-01,298.1,1301189,NOK
AKRBP,2026-07-02,304.4,771501,NOK
AKRBP,2026-07-03,304.5,774529,NOK
AKRBP,2026-07-06,301.5,631450,NOK
AKRBP,2026-07-07,304.3,1172394,NOK
AKRBP,2026-07-08,313.9,1537551,NOK
AKRBP,2026-07-09,309.0,1166738,NOK
AKRBP,2026-07-10,308.5,624135,NOK
AKRBP,2026-07-13,318.8,1121886,NOK
AKRBP,2026-07-14,324.4,1222609,NOK
AKRBP,2026-07-15,322.3,1177171,NOK
AKRBP,2026-07-16,322.1,1272329,NOK
AKRBP,2026-07-17,327.8,1143238,NOK
AKRBP,2026-07-20,324.2,1245763,NOK
AKRBP,2026-07-21,331.1,1015472,NOK
AKRBP,2026-07-22,337.0,1105882,NOK
AKRBP,2026-07-23,347.5,999710,NOK
AKRBP,2026-07-24,340.5,683944,NOK
AKRBP,2026-07-27,332.3,1218213,NOK
AKRBP,2026-07-28,328.9,959464,NOK
AKRBP,2026-07-29,336.3,964037,NOK
AKRBP,2026-07-30,334.6,701658,NOK
AKRBP,2026-07-31,334.5,932924,NOK
AKRBP,2026-08-03,333.7,685284,NOK
AKRBP,2026-08-04,330.4,1059451,NOK
AKRBP,2026-08-05,329.6,947004,NOK
AKRBP,2026-08-06,331.3,505484,NOK
AKRBP,2026-08-07,330.1,764589,NOK
AKRBP,2026-08-10,337.5,745359,NOK
AKRBP,2026-08-11,343.8,823526,NOK
AKRBP,2026-08-12,343.9,580935,NOK
AKRBP,2026-08-13,337.6,944060,NOK
AKRBP,2026-08-14,345.6,630915,NOK
AKRBP,2026-08-17,345.9,539385,NOK
AKRBP,2026-08-18,347.2,631341,NOK
AKRBP,2026-08-19,351.9,932801,NOK
AKRBP,2026-08-20,357.6,774950,NOK
AKRBP,2026-08-21,354.8,554481,NOK
AKRBP,2026-08-24,351.0,595363,NOK
AKRBP,2026-08-25,348.4,882537,NOK
AKRBP,2026-08-26,347.9,1038390,NOK
AKRBP,2026-08-27,347.4,571502,NOK
AKRBP,2026-08-28,349.9,500173,NOK
AKRBP,2026-08-31,357.5,1336013,NOK
AKRBP,2026-09-01,360.7,976417,NOK
AKRBP,2026-09-02,360.3,804814,NOK
AKRBP,2026-09-03,356.0,741468,NOK
AKRBP,2026-09-04,352.2,539486,NOK
AKRBP,2026-09-07,354.5,565936,NOK
AKRBP,2026-09-08,360.5,791778,NOK
AKRBP,2026-09-09,364.2,886576,NOK
AKRBP,2026-09-10,362.4,979995,NOK
AKRBP,2026-09-11,360.4,765205,NOK
AKRBP,2026-09-14,368.5,801114,NOK
AKRBP,2026-09-15,370.1,843656,NOK
AKRBP,2026-09-16,374.1,920342,NOK
AKRBP,2026-09-17,367.7,890216,NOK
AKRBP,2026-09-18,355.0,3925318,NOK
AKRBP,2026-09-21,351.7,838276,NOK
AKRBP,2026-09-22,347.7,1011790,NOK
AKRBP,2026-09-23,351.6,1077990,NOK
AKRBP,2026-09-24,360.4,993613,NOK
AKRBP,2026-09-25,348.6,654976,NOK
AKRBP,2026-09-28,350.0,576298,NOK
AKRBP,2026-09-29,345.1,593843,NOK
AKRBP,2026-09-30,340.3,1231854,NOK
AKRBP,2026-10-01,341.2,989342,NOK
AKRBP,2026-10-02,338.4,1080278,NOK
AKRBP,2026-10-05,342.0,759907,NOK
AKRBP,2026-10-06,339.2,934548,NOK
AKRBP,2026-10-07,340.9,433376,NOK
BNOR,2025-10-07,459.5,17388,NOK
BNOR,2025-10-08,467.0,19875,NOK
BNOR,2025-10-09,438.5,1272263,NOK
BNOR,2025-10-10,426.5,80740,NOK
BNOR,2025-10-13,424.0,58281,NOK
BNOR,2025-10-14,416.5,31502,NOK
BNOR,2025-10-15,421.5,37370,NOK
BNOR,2025-10-16,426.0,54773,NOK
BNOR,2025-10-17,416.0,41463,NOK
BNOR,2025-10-20,416.0,26531,NOK
BNOR,2025-10-21,416.0,28581,NOK
BNOR,2025-10-22,418.0,102929,NOK
BNOR,2025-10-23,432.5,88075,NOK
BNOR,2025-10-24,430.0,45458,NOK
BNOR,2025-10-27,431.0,34534,NOK
BNOR,2025-10-28,427.0,44771,NOK
BNOR,2025-10-29,423.0,101560,NOK
BNOR,2025-10-30,445.5,149926,NOK
BNOR,2025-10-31,463.0,62863,NOK
BNOR,2025-11-03,473.0,67585,NOK
BNOR,2025-11-04,472.0,46827,NOK
BNOR,2025-11-05,473.0,35546,NOK
BNOR,2025-11-06,475.5,45410,NOK
BNOR,2025-11-07,481.0,41362,NOK
BNOR,2025-11-10,477.5,51494,NOK
BNOR,2025-11-11,495.0,45346,NOK
BNOR,2025-11-12,503.0,87206,NOK
BNOR,2025-11-13,500.0,26404,NOK
BNOR,2025-11-14,493.5,40434,NOK
BNOR,2025-11-17,511.0,39688,NOK
BNOR,2025-11-18,500.0,26679,NOK
BNOR,2025-11-19,497.5,53392,NOK
BNOR,2025-11-20,495.0,65481,NOK
BNOR,2025-11-21,443.5,83414,NOK
BNOR,2025-11-24,434.5,90572,NOK
BNOR,2025-11-25,423.0,57170,NOK
BNOR,2025-11-26,423.0,33145,NOK
BNOR,2025-11-27,428.5,38832,NOK
BNOR,2025-11-28,436.0,48134,NOK
BNOR,2025-12-01,436.0,33313,NOK
BNOR,2025-12-02,434.5,58325,NOK
BNOR,2025-12-03,441.5,42301,NOK
BNOR,2025-12-04,438.0,66371,NOK
BNOR,2025-12-05,448.5,61170,NOK
BNOR,2025-12-08,447.0,79110,NOK
BNOR,2025-12-09,444.0,33102,NOK
BNOR,2025-12-10,427.5,53150,NOK
BNOR,2025-12-11,425.0,54735,NOK
BNOR,2025-12-12,423.0,37036,NOK
BNOR,2025-12-15,406.5,1724835,NOK
BNOR,2025-12-16,400.0,137875,NOK
BNOR,2025-12-17,405.0,87536,NOK
BNOR,2025-12-18,410.5,40838,NOK
BNOR,2025-12-19,414.5,76973,NOK
BNOR,2025-12-22,426.5,66485,NOK
BNOR,2025-12-23,428.5,40983,NOK
BNOR,2025-12-29,435.0,60406,NOK
BNOR,2025-12-30,446.0,48791,NOK
BNOR,2026-01-02,444.0,46060,NOK
BNOR,2026-01-05,429.5,68540,NOK
BNOR,2026-01-06,435.0,48274,NOK
BNOR,2026-01-07,429.5,141723,NOK
BNOR,2026-01-08,424.5,58466,NOK
BNOR,2026-01-09,436.0,59044,NOK
BNOR,2026-01-12,438.0,70244,NOK
BNOR,2026-01-13,467.5,117709,NOK
BNOR,2026-01-14,440.0,3922970,NOK
BNOR,2026-01-15,422.5,368072,NOK
BNOR,2026-01-16,437.5,284095,NOK
BNOR,2026-01-19,430.0,203948,NOK
BNOR,2026-01-20,438.0,147455,NOK
BNOR,2026-01-21,442.0,104829,NOK
BNOR,2026-01-22,433.5,135911,NOK
BNOR,2026-01-23,446.0,145429,NOK
BNOR,2026-01-26,440.5,124991,NOK
BNOR,2026-01-27,439.0,90451,NOK
BNOR,2026-01-28,442.0,97276,NOK
BNOR,2026-01-29,450.0,186317,NOK
BNOR,2026-01-30,448.5,79522,NOK
BNOR,2026-02-02,438.0,130696,NOK
BNOR,2026-02-03,441.5,88441,NOK
BNOR,2026-02-04,446.0,82748,NOK
BNOR,2026-02-05,447.5,113226,NOK
BNOR,2026-02-06,444.5,160987,NOK
BNOR,2026-02-09,448.0,78445,NOK
BNOR,2026-02-10,447.5,49903,NOK
BNOR,2026-02-11,451.5,111105,NOK
BNOR,2026-02-12,457.5,89162,NOK
BNOR,2026-02-13,451.0,77152,NOK
BNOR,2026-02-16,450.0,58439,NOK
BNOR,2026-02-17,445.5,61236,NOK
BNOR,2026-02-18,464.5,96925,NOK
BNOR,2026-02-19,467.5,128416,NOK
BNOR,2026-02-20,460.5,72727,NOK
BNOR,2026-02-23,469.0,204743,NOK
BNOR,2026-02-24,477.0,378844,NOK
BNOR,2026-02-25,493.5,267130,NOK
BNOR,2026-02-26,502.0,382737,NOK
BNOR,2026-02-27,512.0,321750,NOK
BNOR,2026-03-02,540.0,557573,NOK
BNOR,2026-03-03,543.0,393207,NOK
BNOR,2026-03-04,536.0,361024,NOK
BNOR,2026-03-05,538.0,368728,NOK
BNOR,2026-03-06,552.0,535556,NOK
BNOR,2026-03-09,555.0,277005,NOK
BNOR,2026-03-10,555.0,265923,NOK
BNOR,2026-03-11,563.0,269423,NOK
BNOR,2026-03-12,574.0,230161,NOK
BNOR,2026-03-13,559.0,2744509,NOK
BNOR,2026-03-16,569.0,343518,NOK
BNOR,2026-03-17,584.0,345253,NOK
BNOR,2026-03-18,583.0,396280,NOK
BNOR,2026-03-19,601.0,646881,NOK
BNOR,2026-03-20,588.0,401503,NOK
BNOR,2026-03-23,568.0,586091,NOK
BNOR,2026-03-24,544.0,325498,NOK
BNOR,2026-03-25,548.0,276099,NOK
BNOR,2026-03-26,557.0,210082,NOK
BNOR,2026-03-27,566.0,267333,NOK
BNOR,2026-03-30,571.0,223310,NOK
BNOR,2026-03-31,563.0,233294,NOK
BNOR,2026-04-01,554.0,236416,NOK
BNOR,2026-04-07,579.0,367525,NOK
BNOR,2026-04-08,537.0,409841,NOK
BNOR,2026-04-09,559.0,273586,NOK
BNOR,2026-04-10,549.0,200946,NOK
BNOR,2026-04-13,562.0,169172,NOK
BNOR,2026-04-14,554.0,210712,NOK
BNOR,2026-04-15,545.0,108126,NOK
BNOR,2026-04-16,542.0,136191,NOK
BNOR,2026-04-17,517.0,254253,NOK
BNOR,2026-04-20,528.0,127545,NOK
BNOR,2026-04-21,528.0,96927,NOK
BNOR,2026-04-22,539.0,107294,NOK
BNOR,2026-04-23,554.0,160038,NOK
BNOR,2026-04-24,559.0,154353,NOK
BNOR,2026-04-27,568.0,140605,NOK
BNOR,2026-04-28,579.0,155671,NOK
BNOR,2026-04-29,585.0,130439,NOK
BNOR,2026-04-30,589.0,179875,NOK
BNOR,2026-05-04,593.0,304348,NOK
BNOR,2026-05-05,603.0,242503,NOK
BNOR,2026-05-06,579.0,403882,NOK
BNOR,2026-05-07,577.0,212009,NOK
BNOR,2026-05-08,575.0,178559,NOK
BNOR,2026-05-11,569.0,239420,NOK
BNOR,2026-05-12,574.0,132425,NOK
BNOR,2026-05-13,571.0,118740,NOK
BNOR,2026-05-15,578.0,155069,NOK
BNOR,2026-05-18,585.0,226334,NOK
BNOR,2026-05-19,595.0,194805,NOK
BNOR,2026-05-20,595.0,167673,NOK
BNOR,2026-05-21,600.0,233577,NOK
BNOR,2026-05-22,561.0,270200,NOK
BNOR,2026-05-26,550.0,210655,NOK
BNOR,2026-05-27,530.0,213288,NOK
BNOR,2026-05-28,536.0,257307,NOK
BNOR,2026-05-29,523.0,261252,NOK
BNOR,2026-06-01,542.0,147895,NOK
BNOR,2026-06-02,542.0,110868,NOK
BNOR,2026-06-03,552.0,105107,NOK
BNOR,2026-06-04,566.0,173378,NOK
BNOR,2026-06-05,565.0,136550,NOK
BNOR,2026-06-08,563.0,123761,NOK
BNOR,2026-06-09,558.0,115412,NOK
BNOR,2026-06-10,566.0,101763,NOK
BNOR,2026-06-11,576.0,168584,NOK
BNOR,2026-06-12,559.0,200255,NOK
BNOR,2026-06-15,539.0,207414,NOK
BNOR,2026-06-16,537.0,124664,NOK
BNOR,2026-06-17,531.0,168583,NOK
BNOR,2026-06-18,520.0,185790,NOK
BNOR,2026-06-19,527.0,155987,NOK
BNOR,2026-06-22,530.0,82308,NOK
BNOR,2026-06-23,528.0,67520,NOK
BNOR,2026-06-24,519.0,153773,NOK
BNOR,2026-06-25,509.0,209330,NOK
BNOR,2026-06-26,509.0,73836,NOK
BNOR,2026-06-29,504.0,101659,NOK
BNOR,2026-06-30,498.5,159312,NOK
BNOR,2026-07-01,488.5,162116,NOK
BNOR,2026-07-02,486.5,130684,NOK
BNOR,2026-07-03,494.5,79156,NOK
BNOR,2026-07-06,487.5,117741,NOK
BNOR,2026-07-07,487.0,117478,NOK
BNOR,2026-07-08,503.0,169823,NOK
BNOR,2026-07-09,538.0,410206,NOK
BNOR,2026-07-10,510.0,431591,NOK
BNOR,2026-07-13,531.0,296168,NOK
BNOR,2026-07-14,543.0,292665,NOK
BNOR,2026-07-15,543.0,233024,NOK
BNOR,2026-07-16,533.0,311805,NOK
BNOR,2026-07-17,480.5,323512,NOK
BNOR,2026-07-20,477.0,190191,NOK
BNOR,2026-07-21,510.0,912909,NOK
BNOR,2026-07-22,525.0,329369,NOK
BNOR,2026-07-23,529.0,359042,NOK
BNOR,2026-07-24,523.0,270919,NOK
BNOR,2026-07-27,509.0,308872,NOK
BNOR,2026-07-28,509.0,208054,NOK
BNOR,2026-07-29,517.0,206783,NOK
BNOR,2026-07-30,511.0,123300,NOK
BNOR,2026-07-31,512.0,175689,NOK
BNOR,2026-08-03,512.0,159854,NOK
BNOR,2026-08-04,512.0,275466,NOK
BNOR,2026-08-05,507.0,154672,NOK
BNOR,2026-08-06,506.0,101267,NOK
BNOR,2026-08-07,505.0,164148,NOK
BNOR,2026-08-10,518.0,190811,NOK
BNOR,2026-08-11,528.0,207562,NOK
BNOR,2026-08-12,531.0,176679,NOK
BNOR,2026-08-13,519.0,99363,NOK
BNOR,2026-08-14,528.0,77323,NOK
BNOR,2026-08-17,528.0,102754,NOK
BNOR,2026-08-18,532.0,145266,NOK
BNOR,2026-08-19,543.0,174163,NOK
BNOR,2026-08-20,562.0,238482,NOK
BNOR,2026-08-21,555.0,173443,NOK
BNOR,2026-08-24,547.0,162403,NOK
BNOR,2026-08-25,540.0,129910,NOK
BNOR,2026-08-26,540.0,137342,NOK
BNOR,2026-08-27,542.0,126531,NOK
BNOR,2026-08-28,540.0,98027,NOK
BNOR,2026-08-31,551.0,284700,NOK
BNOR,2026-09-01,554.0,121165,NOK
BNOR,2026-09-02,558.0,91562,NOK
BNOR,2026-09-03,557.0,110789,NOK
BNOR,2026-09-04,556.0,110933,NOK
BNOR,2026-09-07,563.0,60143,NOK
BNOR,2026-09-08,574.0,162796,NOK
BNOR,2026-09-09,588.0,130066,NOK
BNOR,2026-09-10,588.0,208296,NOK
BNOR,2026-09-11,586.0,73813,NOK
BNOR,2026-09-14,602.0,138005,NOK
BNOR,2026-09-15,602.0,68821,NOK
BNOR,2026-09-16,599.0,97649,NOK
BNOR,2026-09-17,592.0,133221,NOK
BNOR,2026-09-18,597.0,1061165,NOK
BNOR,2026-09-21,580.0,69394,NOK
BNOR,2026-09-22,573.0,129946,NOK
BNOR,2026-09-23,581.0,91545,NOK
BNOR,2026-09-24,591.0,83820,NOK
BNOR,2026-09-25,570.0,90403,NOK
BNOR,2026-09-28,577.0,75338,NOK
BNOR,2026-09-29,574.0,80135,NOK
BNOR,2026-09-30,568.0,83850,NOK
BNOR,2026-10-01,571.0,77858,NOK
BNOR,2026-10-02,563.0,99496,NOK
BNOR,2026-10-05,572.0,75731,NOK
BNOR,2026-10-06,568.0,61571,NOK
BNOR,2026-10-07,570.0,44624,NOK
EQNR,2025-10-07,249.4,2129977,NOK
EQNR,2025-10-08,246.9,2644204,NOK
EQNR,2025-10-09,246.1,2563726,NOK
EQNR,2025-10-10,239.0,3067087,NOK
EQNR,2025-10-13,237.3,1752202,NOK
EQNR,2025-10-14,235.2,3155419,NOK
EQNR,2025-10-15,236.3,2680109,NOK
EQNR,2025-10-16,235.9,2191908,NOK
EQNR,2025-10-17,233.3,3888146,NOK
EQNR,2025-10-20,232.9,2054360,NOK
EQNR,2025-10-21,234.7,1801480,NOK
EQNR,2025-10-22,237.4,2596457,NOK
EQNR,2025-10-23,248.3,4553668,NOK
EQNR,2025-10-24,245.4,2138374,NOK
EQNR,2025-10-27,244.1,2047577,NOK
EQNR,2025-10-28,242.0,2826196,NOK
EQNR,2025-10-29,241.9,3455305,NOK
EQNR,2025-10-30,242.6,2124058,NOK
EQNR,2025-10-31,242.0,2590481,NOK
EQNR,2025-11-03,244.2,2140656,NOK
EQNR,2025-11-04,243.1,2289483,NOK
EQNR,2025-11-05,247.1,2436195,NOK
EQNR,2025-11-06,244.9,2495325,NOK
EQNR,2025-11-07,245.9,2187980,NOK
EQNR,2025-11-10,241.4,2490802,NOK
EQNR,2025-11-11,248.7,2701927,NOK
EQNR,2025-11-12,244.2,3167540,NOK
EQNR,2025-11-13,242.0,2521907,NOK
EQNR,2025-11-14,244.6,3149074,NOK
EQNR,2025-11-17,246.8,2027961,NOK
EQNR,2025-11-18,241.7,2482821,NOK
EQNR,2025-11-19,236.0,3751128,NOK
EQNR,2025-11-20,240.5,2450855,NOK
EQNR,2025-11-21,234.9,3543771,NOK
EQNR,2025-11-24,231.8,4897081,NOK
EQNR,2025-11-25,229.7,3683916,NOK
EQNR,2025-11-26,231.1,2698265,NOK
EQNR,2025-11-27,231.8,2496705,NOK
EQNR,2025-11-28,233.1,2321411,NOK
EQNR,2025-12-01,232.6,2706122,NOK
EQNR,2025-12-02,230.6,2892777,NOK
EQNR,2025-12-03,234.4,2525881,NOK
EQNR,2025-12-04,235.2,2087304,NOK
EQNR,2025-12-05,235.6,2277298,NOK
EQNR,2025-12-08,235.3,2242608,NOK
EQNR,2025-12-09,234.1,2878381,NOK
EQNR,2025-12-10,230.0,2805566,NOK
EQNR,2025-12-11,231.6,2613179,NOK
EQNR,2025-12-12,232.7,2318574,NOK
EQNR,2025-12-15,232.4,2633775,NOK
EQNR,2025-12-16,227.0,2573707,NOK
EQNR,2025-12-17,232.1,3384242,NOK
EQNR,2025-12-18,231.9,2619806,NOK
EQNR,2025-12-19,232.1,5773220,NOK
EQNR,2025-12-22,230.2,3005284,NOK
EQNR,2025-12-23,232.0,1837521,NOK
EQNR,2025-12-29,235.2,2110156,NOK
EQNR,2025-12-30,237.0,2563197,NOK
EQNR,2026-01-02,241.6,3044796,NOK
EQNR,2026-01-05,237.7,3647554,NOK
EQNR,2026-01-06,239.5,3462232,NOK
EQNR,2026-01-07,232.2,6480786,NOK
EQNR,2026-01-08,232.8,2460931,NOK
EQNR,2026-01-09,239.7,3947762,NOK
EQNR,2026-01-12,240.2,2669479,NOK
EQNR,2026-01-13,246.4,4687575,NOK
EQNR,2026-01-14,250.0,4486316,NOK
EQNR,2026-01-15,247.4,3852458,NOK
EQNR,2026-01-16,256.0,5732482,NOK
EQNR,2026-01-19,247.5,3419911,NOK
EQNR,2026-01-20,251.1,3648828,NOK
EQNR,2026-01-21,253.3,3634031,NOK
EQNR,2026-01-22,243.0,5006748,NOK
EQNR,2026-01-23,249.7,3607012,NOK
EQNR,2026-01-26,249.0,3017958,NOK
EQNR,2026-01-27,250.7,2787930,NOK
EQNR,2026-01-28,253.7,2935586,NOK
EQNR,2026-01-29,257.4,4945197,NOK
EQNR,2026-01-30,257.0,3336572,NOK
EQNR,2026-02-02,252.7,3862725,NOK
EQNR,2026-02-03,251.9,3982927,NOK
EQNR,2026-02-04,253.2,5151288,NOK
EQNR,2026-02-05,257.5,4784964,NOK
EQNR,2026-02-06,265.7,4419432,NOK
EQNR,2026-02-09,264.0,2871088,NOK
EQNR,2026-02-10,265.2,3722821,NOK
EQNR,2026-02-11,270.3,3677012,NOK
EQNR,2026-02-12,269.1,2529743,NOK
EQNR,2026-02-13,267.7,3972986,NOK
EQNR,2026-02-16,263.5,1955141,NOK
EQNR,2026-02-17,259.3,3708467,NOK
EQNR,2026-02-18,269.3,3638668,NOK
EQNR,2026-02-19,279.2,7018238,NOK
EQNR,2026-02-20,273.7,4902443,NOK
EQNR,2026-02-23,277.5,2980371,NOK
EQNR,2026-02-24,280.2,2849917,NOK
EQNR,2026-02-25,279.3,3121004,NOK
EQNR,2026-02-26,279.0,3716115,NOK
EQNR,2026-02-27,281.6,6327626,NOK
EQNR,2026-03-02,304.6,11572864,NOK
EQNR,2026-03-03,308.8,10404779,NOK
EQNR,2026-03-04,300.1,7751554,NOK
EQNR,2026-03-05,307.3,7971701,NOK
EQNR,2026-03-06,316.7,9399506,NOK
EQNR,2026-03-09,325.4,12532023,NOK
EQNR,2026-03-10,313.1,9116200,NOK
EQNR,2026-03-11,321.8,5807193,NOK
EQNR,2026-03-12,332.5,6694750,NOK
EQNR,2026-03-13,338.9,5944288,NOK
EQNR,2026-03-16,348.3,6210745,NOK
EQNR,2026-03-17,355.1,5156185,NOK
EQNR,2026-03-18,359.0,5802062,NOK
EQNR,2026-03-19,398.6,12646949,NOK
EQNR,2026-03-20,394.9,10410234,NOK
EQNR,2026-03-23,374.5,10001396,NOK
EQNR,2026-03-24,384.3,5887197,NOK
EQNR,2026-03-25,392.2,5806015,NOK
EQNR,2026-03-26,397.5,3681145,NOK
EQNR,2026-03-27,401.7,4279465,NOK
EQNR,2026-03-30,420.2,4971420,NOK
EQNR,2026-03-31,420.4,5035074,NOK
EQNR,2026-04-01,399.1,4347536,NOK
EQNR,2026-04-07,411.8,5828498,NOK
EQNR,2026-04-08,361.9,10186278,NOK
EQNR,2026-04-09,379.1,4459604,NOK
EQNR,2026-04-10,367.7,4959709,NOK
EQNR,2026-04-13,376.0,3505431,NOK
EQNR,2026-04-14,360.6,3925100,NOK
EQNR,2026-04-15,352.5,5150538,NOK
EQNR,2026-04-16,356.6,3893131,NOK
EQNR,2026-04-17,328.7,7584660,NOK
EQNR,2026-04-20,336.1,4717387,NOK
EQNR,2026-04-21,344.9,2205962,NOK
EQNR,2026-04-22,349.6,1850621,NOK
EQNR,2026-04-23,354.6,2112372,NOK
EQNR,2026-04-24,356.6,2417841,NOK
EQNR,2026-04-27,356.0,1976493,NOK
EQNR,2026-04-28,361.5,2788975,NOK
EQNR,2026-04-29,368.0,3595815,NOK
EQNR,2026-04-30,371.8,4803181,NOK
EQNR,2026-05-04,376.6,3173235,NOK
EQNR,2026-05-05,383.3,2943846,NOK
EQNR,2026-05-06,349.9,7914661,NOK
EQNR,2026-05-07,339.0,4068099,NOK
EQNR,2026-05-08,338.3,2611287,NOK
EQNR,2026-05-11,345.9,3139885,NOK
EQNR,2026-05-12,351.3,2952626,NOK
EQNR,2026-05-13,347.6,2651217,NOK
EQNR,2026-05-15,361.0,3611045,NOK
EQNR,2026-05-18,365.0,3044964,NOK
EQNR,2026-05-19,376.0,3402254,NOK
EQNR,2026-05-20,369.6,2653054,NOK
EQNR,2026-05-21,365.1,3499847,NOK
EQNR,2026-05-22,360.0,2658074,NOK
EQNR,2026-05-26,353.3,3200119,NOK
EQNR,2026-05-27,338.9,3021031,NOK
EQNR,2026-05-28,339.2,2136994,NOK
EQNR,2026-05-29,335.1,8893851,NOK
EQNR,2026-06-01,353.0,3205416,NOK
EQNR,2026-06-02,350.5,2037060,NOK
EQNR,2026-06-03,357.2,2244362,NOK
EQNR,2026-06-04,351.9,2144885,NOK
EQNR,2026-06-05,354.0,2034991,NOK
EQNR,2026-06-08,355.8,3047108,NOK
EQNR,2026-06-09,346.2,2924765,NOK
EQNR,2026-06-10,352.7,3265323,NOK
EQNR,2026-06-11,365.2,3674250,NOK
EQNR,2026-06-12,348.4,5253329,NOK
EQNR,2026-06-15,325.7,5522287,NOK
EQNR,2026-06-16,323.8,4772891,NOK
EQNR,2026-06-17,322.9,2279220,NOK
EQNR,2026-06-18,312.2,4752702,NOK
EQNR,2026-06-19,316.4,7618186,NOK
EQNR,2026-06-22,316.5,2906368,NOK
EQNR,2026-06-23,318.8,2171292,NOK
EQNR,2026-06-24,311.1,2603581,NOK
EQNR,2026-06-25,308.8,3056305,NOK
EQNR,2026-06-26,309.1,2651200,NOK
EQNR,2026-06-29,311.0,2315047,NOK
EQNR,2026-06-30,313.5,2349430,NOK
EQNR,2026-07-01,310.5,1696254,NOK
EQNR,2026-07-02,314.4,2222785,NOK
EQNR,2026-07-03,318.2,1129592,NOK
EQNR,2026-07-06,316.5,1465341,NOK
EQNR,2026-07-07,326.3,2943857,NOK
EQNR,2026-07-08,336.3,5018227,NOK
EQNR,2026-07-09,333.8,2823811,NOK
EQNR,2026-07-10,329.5,1465651,NOK
EQNR,2026-07-13,345.7,3133955,NOK
EQNR,2026-07-14,350.7,3462083,NOK
EQNR,2026-07-15,348.8,2207541,NOK
EQNR,2026-07-16,344.9,1978635,NOK
EQNR,2026-07-17,358.2,2783012,NOK
EQNR,2026-07-20,356.9,3634153,NOK
EQNR,2026-07-21,364.4,2478662,NOK
EQNR,2026-07-22,379.6,3054788,NOK
EQNR,2026-07-23,397.9,3730619,NOK
EQNR,2026-07-24,392.5,2610780,NOK
EQNR,2026-07-27,377.5,3045020,NOK
EQNR,2026-07-28,377.4,2838644,NOK
EQNR,2026-07-29,392.5,3556640,NOK
EQNR,2026-07-30,383.5,2803282,NOK
EQNR,2026-07-31,386.4,2427260,NOK
EQNR,2026-08-03,380.9,2499770,NOK
EQNR,2026-08-04,372.9,3003281,NOK
EQNR,2026-08-05,369.1,2369687,NOK
EQNR,2026-08-06,371.3,1803755,NOK
EQNR,2026-08-07,372.0,1767185,NOK
EQNR,2026-08-10,383.7,2367531,NOK
EQNR,2026-08-11,390.2,2784227,NOK
EQNR,2026-08-12,388.0,2084325,NOK
EQNR,2026-08-13,376.9,1562573,NOK
EQNR,2026-08-14,385.8,2662192,NOK
EQNR,2026-08-17,388.1,1510065,NOK
EQNR,2026-08-18,394.1,1957185,NOK
EQNR,2026-08-19,395.9,2028132,NOK
EQNR,2026-08-20,401.8,2519879,NOK
EQNR,2026-08-21,399.1,2974423,NOK
EQNR,2026-08-24,394.8,1524482,NOK
EQNR,2026-08-25,389.9,2380973,NOK
EQNR,2026-08-26,387.6,2021373,NOK
EQNR,2026-08-27,384.0,2132165,NOK
EQNR,2026-08-28,386.4,1835603,NOK
EQNR,2026-08-31,399.4,5384177,NOK
EQNR,2026-09-01,405.4,2256543,NOK
EQNR,2026-09-02,405.8,2689999,NOK
EQNR,2026-09-03,400.8,1695304,NOK
EQNR,2026-09-04,393.6,2154657,NOK
EQNR,2026-09-07,398.0,1298154,NOK
EQNR,2026-09-08,398.5,1580138,NOK
EQNR,2026-09-09,415.4,3406300,NOK
EQNR,2026-09-10,413.8,3854209,NOK
EQNR,2026-09-11,415.5,2018192,NOK
EQNR,2026-09-14,423.8,2774809,NOK
EQNR,2026-09-15,423.8,3046499,NOK
EQNR,2026-09-16,421.2,2185255,NOK
EQNR,2026-09-17,416.3,3013693,NOK
EQNR,2026-09-18,419.0,12141749,NOK
EQNR,2026-09-21,404.6,2234505,NOK
EQNR,2026-09-22,397.9,3042180,NOK
EQNR,2026-09-23,406.2,1976687,NOK
EQNR,2026-09-24,416.3,2142514,NOK
EQNR,2026-09-25,404.7,2088062,NOK
EQNR,2026-09-28,405.7,1953915,NOK
EQNR,2026-09-29,398.4,2819485,NOK
EQNR,2026-09-30,399.5,2612687,NOK
EQNR,2026-10-01,401.8,2977029,NOK
EQNR,2026-10-02,402.8,2895436,NOK
EQNR,2026-10-05,404.0,2369849,NOK
EQNR,2026-10-06,410.0,2762953,NOK
EQNR,2026-10-07,404.7,1976102,NOK
NAS,2025-10-07,15.275,3672490,NOK
NAS,2025-10-08,15.2,5243431,NOK
NAS,2025-10-09,15.43,3829594,NOK
NAS,2025-10-10,15.71,4211928,NOK
NAS,2025-10-13,16.33,5302289,NOK
NAS,2025-10-14,16.96,6437216,NOK
NAS,2025-10-15,16.715,3096085,NOK
NAS,2025-10-16,16.675,2382495,NOK
NAS,2025-10-17,16.7,3465681,NOK
NAS,2025-10-20,16.77,2602051,NOK
NAS,2025-10-21,16.35,4095522,NOK
NAS,2025-10-22,15.55,21659159,NOK
NAS,2025-10-23,15.59,6773570,NOK
NAS,2025-10-24,15.325,6262220,NOK
NAS,2025-10-27,15.42,3186625,NOK
NAS,2025-10-28,15.2,2984339,NOK
NAS,2025-10-29,15.24,3249672,NOK
NAS,2025-10-30,15.595,5051417,NOK
NAS,2025-10-31,15.735,4105914,NOK
NAS,2025-11-03,15.91,3947987,NOK
NAS,2025-11-04,15.54,3122413,NOK
NAS,2025-11-05,15.28,3593290,NOK
NAS,2025-11-06,15.14,4672309,NOK
NAS,2025-11-07,15.1,5939255,NOK
NAS,2025-11-10,15.24,2561701,NOK
NAS,2025-11-11,15.125,2565321,NOK
NAS,2025-11-12,15.2,5923684,NOK
NAS,2025-11-13,15.72,5051677,NOK
NAS,2025-11-14,15.425,2745270,NOK
NAS,2025-11-17,15.345,2977433,NOK
NAS,2025-11-18,15.01,3256423,NOK
NAS,2025-11-19,15.47,3691649,NOK
NAS,2025-11-20,15.64,2758343,NOK
NAS,2025-11-21,15.635,2796279,NOK
NAS,2025-11-24,16.49,10679413,NOK
NAS,2025-11-25,17.0,9084153,NOK
NAS,2025-11-26,17.48,8155988,NOK
NAS,2025-11-27,17.04,5308557,NOK
NAS,2025-11-28,17.3,3584559,NOK
NAS,2025-12-01,17.34,3070611,NOK
NAS,2025-12-02,17.655,4250250,NOK
NAS,2025-12-03,17.395,3196193,NOK
NAS,2025-12-04,16.965,4532347,NOK
NAS,2025-12-05,17.12,3542940,NOK
NAS,2025-12-08,17.195,2795623,NOK
NAS,2025-12-09,17.17,2722033,NOK
NAS,2025-12-10,17.215,2362767,NOK
NAS,2025-12-11,17.205,2126836,NOK
NAS,2025-12-12,17.53,4380476,NOK
NAS,2025-12-15,17.565,2755850,NOK
NAS,2025-12-16,17.975,7569315,NOK
NAS,2025-12-17,17.475,4621795,NOK
NAS,2025-12-18,17.455,3001928,NOK
NAS,2025-12-19,17.395,5095847,NOK
NAS,2025-12-22,17.265,2878159,NOK
NAS,2025-12-23,17.28,2739948,NOK
NAS,2025-12-29,17.43,2794001,NOK
NAS,2025-12-30,17.45,1920586,NOK
NAS,2026-01-02,17.61,3712516,NOK
NAS,2026-01-05,17.435,5503909,NOK
NAS,2026-01-06,17.44,3809054,NOK
NAS,2026-01-07,16.465,8955318,NOK
NAS,2026-01-08,16.595,3264518,NOK
NAS,2026-01-09,16.125,5795478,NOK
NAS,2026-01-12,15.775,6833008,NOK
NAS,2026-01-13,15.87,4515493,NOK
NAS,2026-01-14,16.165,6915392,NOK
NAS,2026-01-15,16.38,6525707,NOK
NAS,2026-01-16,16.075,6297597,NOK
NAS,2026-01-19,15.855,3419785,NOK
NAS,2026-01-20,15.77,3841451,NOK
NAS,2026-01-21,15.795,8359628,NOK
NAS,2026-01-22,16.255,6961547,NOK
NAS,2026-01-23,16.025,6453363,NOK
NAS,2026-01-26,15.9,4253067,NOK
NAS,2026-01-27,16.015,4904839,NOK
NAS,2026-01-28,16.505,9215402,NOK
NAS,2026-01-29,16.09,8505303,NOK
NAS,2026-01-30,16.28,6953799,NOK
NAS,2026-02-02,16.12,3398643,NOK
NAS,2026-02-03,16.65,5957293,NOK
NAS,2026-02-04,16.67,3853145,NOK
NAS,2026-02-05,16.3,7274281,NOK
NAS,2026-02-06,16.59,7891681,NOK
NAS,2026-02-09,17.26,6945489,NOK
NAS,2026-02-10,16.95,5116916,NOK
NAS,2026-02-11,16.805,3935934,NOK
NAS,2026-02-12,17.055,5717874,NOK
NAS,2026-02-13,16.905,12974359,NOK
NAS,2026-02-16,17.56,11790856,NOK
NAS,2026-02-17,17.62,6502083,NOK
NAS,2026-02-18,17.44,5788795,NOK
NAS,2026-02-19,17.53,6129770,NOK
NAS,2026-02-20,17.595,3353666,NOK
NAS,2026-02-23,17.09,4829059,NOK
NAS,2026-02-24,16.85,3757413,NOK
NAS,2026-02-25,16.77,3959322,NOK
NAS,2026-02-26,17.1,4844511,NOK
NAS,2026-02-27,16.615,7748585,NOK
NAS,2026-03-02,15.8,18980494,NOK
NAS,2026-03-03,15.145,15611180,NOK
NAS,2026-03-04,15.835,9174802,NOK
NAS,2026-03-05,15.3,9309430,NOK
NAS,2026-03-06,14.895,14608174,NOK
NAS,2026-03-09,14.625,11699103,NOK
NAS,2026-03-10,14.905,12344920,NOK
NAS,2026-03-11,14.88,6662931,NOK
NAS,2026-03-12,14.47,11378535,NOK
NAS,2026-03-13,14.58,7655261,NOK
NAS,2026-03-16,14.7,9014592,NOK
NAS,2026-03-17,14.93,12415125,NOK
NAS,2026-03-18,14.895,12882177,NOK
NAS,2026-03-19,14.255,15435938,NOK
NAS,2026-03-20,14.395,26021263,NOK
NAS,2026-03-23,14.365,22795641,NOK
NAS,2026-03-24,14.035,7014574,NOK
NAS,2026-03-25,14.13,8942003,NOK
NAS,2026-03-26,14.27,6025424,NOK
NAS,2026-03-27,14.025,6037949,NOK
NAS,2026-03-30,13.955,6608014,NOK
NAS,2026-03-31,14.22,7968647,NOK
NAS,2026-04-01,14.72,10865780,NOK
NAS,2026-04-07,13.96,16255526,NOK
NAS,2026-04-08,15.31,23460420,NOK
NAS,2026-04-09,14.8,12422032,NOK
NAS,2026-04-10,15.03,13873672,NOK
NAS,2026-04-13,14.31,13275412,NOK
NAS,2026-04-14,14.46,11676511,NOK
NAS,2026-04-15,14.215,10211112,NOK
NAS,2026-04-16,13.955,13392372,NOK
NAS,2026-04-17,14.7,23194005,NOK
NAS,2026-04-20,14.085,11602778,NOK
NAS,2026-04-21,13.995,6972921,NOK
NAS,2026-04-22,13.53,12103863,NOK
NAS,2026-04-23,13.645,7384918,NOK
NAS,2026-04-24,13.475,7864033,NOK
NAS,2026-04-27,13.325,9645876,NOK
NAS,2026-04-28,14.105,22104884,NOK
NAS,2026-04-29,14.255,9722333,NOK
NAS,2026-04-30,14.495,11018397,NOK
NAS,2026-05-04,14.61,10132924,NOK
NAS,2026-05-05,14.43,9183587,NOK
NAS,2026-05-06,15.195,22233167,NOK
NAS,2026-05-07,14.745,11810872,NOK
NAS,2026-05-08,14.535,9400023,NOK
NAS,2026-05-11,14.52,7985548,NOK
NAS,2026-05-12,14.48,9580690,NOK
NAS,2026-05-13,14.485,7225699,NOK
NAS,2026-05-15,14.305,9816941,NOK
NAS,2026-05-18,14.415,11254097,NOK
NAS,2026-05-19,14.445,9394368,NOK
NAS,2026-05-20,14.945,10377306,NOK
NAS,2026-05-21,15.22,14599029,NOK
NAS,2026-05-22,15.375,11279326,NOK
NAS,2026-05-26,15.995,13988127,NOK
NAS,2026-05-27,16.665,14916183,NOK
NAS,2026-05-28,16.635,12635950,NOK
NAS,2026-05-29,16.605,13268849,NOK
NAS,2026-06-01,16.37,14525038,NOK
NAS,2026-06-02,16.53,10363862,NOK
NAS,2026-06-03,14.73,30335614,NOK
NAS,2026-06-04,14.655,15383625,NOK
NAS,2026-06-05,14.74,7891909,NOK
NAS,2026-06-08,13.985,17252507,NOK
NAS,2026-06-09,14.19,7207610,NOK
NAS,2026-06-10,14.26,9628677,NOK
NAS,2026-06-11,14.195,8390478,NOK
NAS,2026-06-12,15.135,19496319,NOK
NAS,2026-06-15,15.95,15961637,NOK
NAS,2026-06-16,15.5,21423242,NOK
NAS,2026-06-17,15.395,16751812,NOK
NAS,2026-06-18,15.93,18085784,NOK
NAS,2026-06-19,15.85,9399083,NOK
NAS,2026-06-22,15.63,10282726,NOK
NAS,2026-06-23,15.88,8554004,NOK
NAS,2026-06-24,16.0,14874131,NOK
NAS,2026-06-25,16.14,12251956,NOK
NAS,2026-06-26,15.66,7422989,NOK
NAS,2026-06-29,14.645,16764108,NOK
NAS,2026-06-30,14.74,8996921,NOK
NAS,2026-07-01,14.545,6707839,NOK
NAS,2026-07-02,14.895,5727789,NOK
NAS,2026-07-03,14.63,5496623,NOK
NAS,2026-07-06,14.46,7747465,NOK
NAS,2026-07-07,14.415,6216506,NOK
NAS,2026-07-08,13.665,16614806,NOK
NAS,2026-07-09,13.695,7270336,NOK
NAS,2026-07-10,13.71,8593743,NOK
NAS,2026-07-13,13.42,8660707,NOK
NAS,2026-07-14,13.1,9407187,NOK
NAS,2026-07-15,12.78,14007944,NOK
NAS,2026-07-16,12.87,6274740,NOK
NAS,2026-07-17,12.885,6300387,NOK
NAS,2026-07-20,12.85,5989969,NOK
NAS,2026-07-21,12.575,5477723,NOK
NAS,2026-07-22,12.56,5585324,NOK
NAS,2026-07-23,12.495,6376317,NOK
NAS,2026-07-24,12.615,6381187,NOK
NAS,2026-07-27,12.9,8908349,NOK
NAS,2026-07-28,13.01,4074141,NOK
NAS,2026-07-29,12.95,4941905,NOK
NAS,2026-07-30,13.055,4549247,NOK
NAS,2026-07-31,13.025,4693951,NOK
NAS,2026-08-03,13.31,7846924,NOK
NAS,2026-08-04,13.195,11630478,NOK
NAS,2026-08-05,13.29,9340685,NOK
NAS,2026-08-06,13.47,6233048,NOK
NAS,2026-08-07,13.425,4581641,NOK
NAS,2026-08-10,13.28,2989716,NOK
NAS,2026-08-11,13.205,4222086,NOK
NAS,2026-08-12,13.205,3321416,NOK
NAS,2026-08-13,13.31,3839046,NOK
NAS,2026-08-14,13.31,3791249,NOK
NAS,2026-08-17,13.155,3823604,NOK
NAS,2026-08-18,12.885,6062323,NOK
NAS,2026-08-19,12.88,3175699,NOK
NAS,2026-08-20,12.63,6717453,NOK
NAS,2026-08-21,12.54,7578191,NOK
NAS,2026-08-24,12.86,7104307,NOK
NAS,2026-08-25,13.14,6594135,NOK
NAS,2026-08-26,13.39,6676536,NOK
NAS,2026-08-27,13.195,3656062,NOK
NAS,2026-08-28,13.2,3434285,NOK
NAS,2026-08-31,12.97,5075755,NOK
NAS,2026-09-01,12.88,4472286,NOK
NAS,2026-09-02,12.955,4554015,NOK
NAS,2026-09-03,12.815,5921845,NOK
NAS,2026-09-04,12.91,3708419,NOK
NAS,2026-09-07,12.76,2796715,NOK
NAS,2026-09-08,12.75,2142261,NOK
NAS,2026-09-09,12.75,2860302,NOK
NAS,2026-09-10,12.405,7145867,NOK
NAS,2026-09-11,12.42,3957365,NOK
NAS,2026-09-14,11.99,6864289,NOK
NAS,2026-09-15,11.925,5197904,NOK
NAS,2026-09-16,11.95,3682515,NOK
NAS,2026-09-17,12.26,4586019,NOK
NAS,2026-09-18,12.02,9567586,NOK
NAS,2026-09-21,12.18,3290774,NOK
NAS,2026-09-22,12.755,9679397,NOK
NAS,2026-09-23,12.275,5725405,NOK
NAS,2026-09-24,12.07,4255451,NOK
NAS,2026-09-25,12.315,5719490,NOK
NAS,2026-09-28,12.23,3573355,NOK
NAS,2026-09-29,12.34,2903571,NOK
NAS,2026-09-30,12.105,4450154,NOK
NAS,2026-10-01,12.125,2765067,NOK
NAS,2026-10-02,12.175,3195209,NOK
NAS,2026-10-05,11.655,8394047,NOK
NAS,2026-10-06,11.74,4876377,NOK
NAS,2026-10-07,11.33,4186481,NOK
OBX,2026-10-07,1953.45,3385208666,NOK
TGS,2025-10-07,74.9,198768,NOK
TGS,2025-10-08,80.7,949539,NOK
TGS,2025-10-09,80.0,965969,NOK
TGS,2025-10-10,77.3,520761,NOK
TGS,2025-10-13,76.5,308103,NOK
TGS,2025-10-14,74.2,422892,NOK
TGS,2025-10-15,77.05,322973,NOK
TGS,2025-10-16,77.15,336565,NOK
TGS,2025-10-17,75.95,248189,NOK
TGS,2025-10-20,77.55,434002,NOK
TGS,2025-10-21,79.0,285988,NOK
TGS,2025-10-22,82.55,962197,NOK
TGS,2025-10-23,90.0,1346142,NOK
TGS,2025-10-24,88.5,419291,NOK
TGS,2025-10-27,87.45,420805,NOK
TGS,2025-10-28,85.35,323009,NOK
TGS,2025-10-29,86.95,317707,NOK
TGS,2025-10-30,85.8,442263,NOK
TGS,2025-10-31,87.6,439103,NOK
TGS,2025-11-03,90.55,463377,NOK
TGS,2025-11-04,88.0,327437,NOK
TGS,2025-11-05,92.7,670456,NOK
TGS,2025-11-06,89.65,286454,NOK
TGS,2025-11-07,91.7,349257,NOK
TGS,2025-11-10,89.75,356536,NOK
TGS,2025-11-11,91.8,267084,NOK
TGS,2025-11-12,96.4,1165648,NOK
TGS,2025-11-13,96.1,540134,NOK
TGS,2025-11-14,93.5,460211,NOK
TGS,2025-11-17,95.3,304248,NOK
TGS,2025-11-18,92.0,464035,NOK
TGS,2025-11-19,92.4,497368,NOK
TGS,2025-11-20,93.2,204884,NOK
TGS,2025-11-21,88.8,634656,NOK
TGS,2025-11-24,86.9,367445,NOK
TGS,2025-11-25,87.85,613534,NOK
TGS,2025-11-26,88.05,108933,NOK
TGS,2025-11-27,86.7,145152,NOK
TGS,2025-11-28,86.95,449397,NOK
TGS,2025-12-01,87.8,294841,NOK
TGS,2025-12-02,85.55,286109,NOK
TGS,2025-12-03,87.45,276407,NOK
TGS,2025-12-04,88.75,155801,NOK
TGS,2025-12-05,90.35,128326,NOK
TGS,2025-12-08,89.65,191560,NOK
TGS,2025-12-09,87.7,322343,NOK
TGS,2025-12-10,89.05,153221,NOK
TGS,2025-12-11,92.0,297260,NOK
TGS,2025-12-12,91.55,230166,NOK
TGS,2025-12-15,91.3,305204,NOK
TGS,2025-12-16,86.1,916623,NOK
TGS,2025-12-17,85.0,353249,NOK
TGS,2025-12-18,86.25,620819,NOK
TGS,2025-12-19,86.8,327395,NOK
TGS,2025-12-22,88.0,272545,NOK
TGS,2025-12-23,88.5,123292,NOK
TGS,2025-12-29,90.85,290179,NOK
TGS,2025-12-30,91.65,222365,NOK
TGS,2026-01-02,94.0,371975,NOK
TGS,2026-01-05,87.35,691154,NOK
TGS,2026-01-06,92.35,606474,NOK
TGS,2026-01-07,89.8,413180,NOK
TGS,2026-01-08,90.5,323632,NOK
TGS,2026-01-09,95.8,997151,NOK
TGS,2026-01-12,94.9,212193,NOK
TGS,2026-01-13,98.0,553546,NOK
TGS,2026-01-14,98.8,633759,NOK
TGS,2026-01-15,97.95,320110,NOK
TGS,2026-01-16,99.7,490931,NOK
TGS,2026-01-19,96.9,213273,NOK
TGS,2026-01-20,96.8,283283,NOK
TGS,2026-01-21,98.0,274669,NOK
TGS,2026-01-22,95.85,298851,NOK
TGS,2026-01-23,99.0,630160,NOK
TGS,2026-01-26,98.0,230733,NOK
TGS,2026-01-27,98.2,152349,NOK
TGS,2026-01-28,100.0,429213,NOK
TGS,2026-01-29,102.5,326399,NOK
TGS,2026-01-30,101.0,288690,NOK
TGS,2026-02-02,101.3,211836,NOK
TGS,2026-02-03,101.0,178619,NOK
TGS,2026-02-04,99.55,260846,NOK
TGS,2026-02-05,99.1,192379,NOK
TGS,2026-02-06,101.2,271586,NOK
TGS,2026-02-09,102.3,182640,NOK
TGS,2026-02-10,104.8,509724,NOK
TGS,2026-02-11,105.1,600121,NOK
TGS,2026-02-12,110.7,1166107,NOK
TGS,2026-02-13,112.2,505381,NOK
TGS,2026-02-16,113.0,257864,NOK
TGS,2026-02-17,110.2,339363,NOK
TGS,2026-02-18,115.5,598122,NOK
TGS,2026-02-19,114.7,428699,NOK
TGS,2026-02-20,114.2,268370,NOK
TGS,2026-02-23,112.4,328018,NOK
TGS,2026-02-24,112.8,263215,NOK
TGS,2026-02-25,115.4,344160,NOK
TGS,2026-02-26,112.5,401718,NOK
TGS,2026-02-27,112.9,419640,NOK
TGS,2026-03-02,109.6,628326,NOK
TGS,2026-03-03,108.9,429331,NOK
TGS,2026-03-04,108.9,307541,NOK
TGS,2026-03-05,109.5,278097,NOK
TGS,2026-03-06,108.9,400283,NOK
TGS,2026-03-09,112.6,396278,NOK
TGS,2026-03-10,113.2,357164,NOK
TGS,2026-03-11,113.3,320160,NOK
TGS,2026-03-12,113.9,324883,NOK
TGS,2026-03-13,115.7,437256,NOK
TGS,2026-03-16,115.7,387984,NOK
TGS,2026-03-17,117.0,537662,NOK
TGS,2026-03-18,117.7,479507,NOK
TGS,2026-03-19,124.8,1447370,NOK
TGS,2026-03-20,124.2,1586762,NOK
TGS,2026-03-23,121.1,617049,NOK
TGS,2026-03-24,124.8,427632,NOK
TGS,2026-03-25,126.4,419493,NOK
TGS,2026-03-26,128.0,382829,NOK
TGS,2026-03-27,128.2,459755,NOK
TGS,2026-03-30,132.5,803479,NOK
TGS,2026-03-31,132.0,386397,NOK
TGS,2026-04-01,127.0,236382,NOK
TGS,2026-04-07,128.4,583403,NOK
TGS,2026-04-08,122.5,667531,NOK
TGS,2026-04-09,126.0,427578,NOK
TGS,2026-04-10,123.0,310538,NOK
TGS,2026-04-13,124.1,505308,NOK
TGS,2026-04-14,127.0,730225,NOK
TGS,2026-04-15,126.4,356056,NOK
TGS,2026-04-16,129.0,381040,NOK
TGS,2026-04-17,125.5,1289494,NOK
TGS,2026-04-20,137.8,1638496,NOK
TGS,2026-04-21,139.6,719478,NOK
TGS,2026-04-22,144.5,1344904,NOK
TGS,2026-04-23,148.2,801917,NOK
TGS,2026-04-24,147.6,517661,NOK
TGS,2026-04-27,148.2,431266,NOK
TGS,2026-04-28,149.7,714431,NOK
TGS,2026-04-29,147.6,724416,NOK
TGS,2026-04-30,150.5,1298236,NOK
TGS,2026-05-04,158.2,1443929,NOK
TGS,2026-05-05,159.0,786536,NOK
TGS,2026-05-06,149.9,1039567,NOK
TGS,2026-05-07,146.9,629787,NOK
TGS,2026-05-08,146.3,291904,NOK
TGS,2026-05-11,147.1,343250,NOK
TGS,2026-05-12,149.0,382513,NOK
TGS,2026-05-13,148.9,549536,NOK
TGS,2026-05-15,150.8,355358,NOK
TGS,2026-05-18,152.7,442305,NOK
TGS,2026-05-19,155.0,581605,NOK
TGS,2026-05-20,153.5,515013,NOK
TGS,2026-05-21,154.7,773239,NOK
TGS,2026-05-22,152.8,384520,NOK
TGS,2026-05-26,149.0,536159,NOK
TGS,2026-05-27,146.3,585625,NOK
TGS,2026-05-28,152.7,446131,NOK
TGS,2026-05-29,151.0,536742,NOK
TGS,2026-06-01,153.6,204698,NOK
TGS,2026-06-02,154.0,277588,NOK
TGS,2026-06-03,147.4,493180,NOK
TGS,2026-06-04,145.1,382351,NOK
TGS,2026-06-05,144.5,560998,NOK
TGS,2026-06-08,146.9,308193,NOK
TGS,2026-06-09,146.9,439061,NOK
TGS,2026-06-10,147.4,465434,NOK
TGS,2026-06-11,151.3,346372,NOK
TGS,2026-06-12,149.6,466184,NOK
TGS,2026-06-15,144.3,379485,NOK
TGS,2026-06-16,141.1,775843,NOK
TGS,2026-06-17,141.0,819912,NOK
TGS,2026-06-18,135.5,955886,NOK
TGS,2026-06-19,139.5,1432075,NOK
TGS,2026-06-22,136.4,275356,NOK
TGS,2026-06-23,139.3,572102,NOK
TGS,2026-06-24,135.7,626194,NOK
TGS,2026-06-25,133.5,676920,NOK
TGS,2026-06-26,131.3,933950,NOK
TGS,2026-06-29,131.2,342247,NOK
TGS,2026-06-30,128.9,871579,NOK
TGS,2026-07-01,129.7,563104,NOK
TGS,2026-07-02,126.7,327596,NOK
TGS,2026-07-03,126.5,464252,NOK
TGS,2026-07-06,125.8,222431,NOK
TGS,2026-07-07,124.5,489381,NOK
TGS,2026-07-08,133.5,964030,NOK
TGS,2026-07-09,132.0,507288,NOK
TGS,2026-07-10,130.8,335675,NOK
TGS,2026-07-13,134.5,379303,NOK
TGS,2026-07-14,134.0,215822,NOK
TGS,2026-07-15,132.5,375490,NOK
TGS,2026-07-16,131.4,378242,NOK
TGS,2026-07-17,133.8,400221,NOK
TGS,2026-07-20,138.1,752403,NOK
TGS,2026-07-21,139.0,452891,NOK
TGS,2026-07-22,146.0,576545,NOK
TGS,2026-07-23,135.9,1307141,NOK
TGS,2026-07-24,131.8,965909,NOK
TGS,2026-07-27,131.0,403528,NOK
TGS,2026-07-28,125.7,452025,NOK
TGS,2026-07-29,125.7,373515,NOK
TGS,2026-07-30,126.1,281335,NOK
TGS,2026-07-31,127.4,314631,NOK
TGS,2026-08-03,129.2,256521,NOK
TGS,2026-08-04,130.0,363102,NOK
TGS,2026-08-05,129.1,308091,NOK
TGS,2026-08-06,130.8,299338,NOK
TGS,2026-08-07,132.7,385934,NOK
TGS,2026-08-10,135.2,488130,NOK
TGS,2026-08-11,140.4,590717,NOK
TGS,2026-08-12,140.6,439115,NOK
TGS,2026-08-13,135.2,323382,NOK
TGS,2026-08-14,137.7,282750,NOK
TGS,2026-08-17,143.0,441112,NOK
TGS,2026-08-18,137.6,324922,NOK
TGS,2026-08-19,137.3,254994,NOK
TGS,2026-08-20,140.2,222088,NOK
TGS,2026-08-21,138.9,278020,NOK
TGS,2026-08-24,134.2,420942,NOK
TGS,2026-08-25,135.2,265149,NOK
TGS,2026-08-26,130.8,263166,NOK
TGS,2026-08-27,129.6,178671,NOK
TGS,2026-08-28,128.7,261923,NOK
TGS,2026-08-31,136.1,442848,NOK
TGS,2026-09-01,137.7,407163,NOK
TGS,2026-09-02,135.0,316080,NOK
TGS,2026-09-03,135.7,548368,NOK
TGS,2026-09-04,135.9,525299,NOK
TGS,2026-09-07,139.3,309006,NOK
TGS,2026-09-08,139.9,190032,NOK
TGS,2026-09-09,142.9,426228,NOK
TGS,2026-09-10,139.2,394588,NOK
TGS,2026-09-11,140.2,276264,NOK
TGS,2026-09-14,138.6,510492,NOK
TGS,2026-09-15,137.8,347431,NOK
TGS,2026-09-16,148.2,824248,NOK
TGS,2026-09-17,144.5,606105,NOK
TGS,2026-09-18,144.4,1275939,NOK
TGS,2026-09-21,145.0,263532,NOK
TGS,2026-09-22,145.6,392970,NOK
TGS,2026-09-23,146.6,276395,NOK
TGS,2026-09-24,149.9,347368,NOK
TGS,2026-09-25,143.6,335516,NOK
TGS,2026-09-28,142.1,284263,NOK
TGS,2026-09-29,138.0,341319,NOK
TGS,2026-09-30,135.4,561982,NOK
TGS,2026-10-01,134.8,310027,NOK
TGS,2026-10-02,132.7,252082,NOK
TGS,2026-10-05,134.8,224343,NOK
TGS,2026-10-06,136.7,512987,NOK
TGS,2026-10-07,137.4,159778,NOK
VAR,2025-10-07,35.09,4470084,NOK
VAR,2025-10-08,35.25,3802903,NOK
VAR,2025-10-09,34.95,3540728,NOK
VAR,2025-10-10,33.24,12236459,NOK
VAR,2025-10-13,32.99,4882255,NOK
VAR,2025-10-14,32.32,7357622,NOK
VAR,2025-10-15,32.61,5324126,NOK
VAR,2025-10-16,32.27,3212115,NOK
VAR,2025-10-17,31.88,7012990,NOK
VAR,2025-10-20,31.92,5147476,NOK
VAR,2025-10-21,32.64,8569424,NOK
VAR,2025-10-22,32.9,5969286,NOK
VAR,2025-10-23,33.93,8215216,NOK
VAR,2025-10-24,33.58,4228882,NOK
VAR,2025-10-27,33.63,4066350,NOK
VAR,2025-10-28,33.1,3678878,NOK
VAR,2025-10-29,33.5,2648132,NOK
VAR,2025-10-30,33.9,3472068,NOK
VAR,2025-10-31,34.08,2685087,NOK
VAR,2025-11-03,34.16,2678316,NOK
VAR,2025-11-04,33.73,3823288,NOK
VAR,2025-11-05,33.93,2069764,NOK
VAR,2025-11-06,33.87,2565728,NOK
VAR,2025-11-07,34.26,3093040,NOK
VAR,2025-11-10,34.2,3163986,NOK
VAR,2025-11-11,35.07,4366017,NOK
VAR,2025-11-12,34.84,4448898,NOK
VAR,2025-11-13,34.85,4395986,NOK
VAR,2025-11-14,34.86,3772334,NOK
VAR,2025-11-17,33.83,3102870,NOK
VAR,2025-11-18,32.98,4043069,NOK
VAR,2025-11-19,31.8,7720647,NOK
VAR,2025-11-20,33.13,3983111,NOK
VAR,2025-11-21,32.08,7585456,NOK
VAR,2025-11-24,31.6,8533088,NOK
VAR,2025-11-25,31.25,6735265,NOK
VAR,2025-11-26,31.31,4668998,NOK
VAR,2025-11-27,31.35,3104630,NOK
VAR,2025-11-28,31.63,5700454,NOK
VAR,2025-12-01,31.9,3782236,NOK
VAR,2025-12-02,31.32,4568066,NOK
VAR,2025-12-03,31.78,4320292,NOK
VAR,2025-12-04,31.75,3946679,NOK
VAR,2025-12-05,32.16,3513377,NOK
VAR,2025-12-08,32.25,2576898,NOK
VAR,2025-12-09,32.16,4489724,NOK
VAR,2025-12-10,31.7,6247894,NOK
VAR,2025-12-11,32.03,5592950,NOK
VAR,2025-12-12,32.14,3643880,NOK
VAR,2025-12-15,32.1,4172403,NOK
VAR,2025-12-16,31.34,6753996,NOK
VAR,2025-12-17,31.69,7064035,NOK
VAR,2025-12-18,31.53,5231405,NOK
VAR,2025-12-19,31.57,6115720,NOK
VAR,2025-12-22,31.6,6153407,NOK
VAR,2025-12-23,31.61,2652441,NOK
VAR,2025-12-29,32.35,5978353,NOK
VAR,2025-12-30,33.0,5914374,NOK
VAR,2026-01-02,33.4,5351986,NOK
VAR,2026-01-05,32.58,6725424,NOK
VAR,2026-01-06,33.33,7183409,NOK
VAR,2026-01-07,31.77,19204951,NOK
VAR,2026-01-08,31.78,5525323,NOK
VAR,2026-01-09,32.69,8213670,NOK
VAR,2026-01-12,33.59,10254729,NOK
VAR,2026-01-13,34.31,13083795,NOK
VAR,2026-01-14,34.69,10824659,NOK
VAR,2026-01-15,33.84,7732724,NOK
VAR,2026-01-16,35.0,10364200,NOK
VAR,2026-01-19,34.56,6288498,NOK
VAR,2026-01-20,34.84,6711768,NOK
VAR,2026-01-21,35.16,6164796,NOK
VAR,2026-01-22,34.18,8457027,NOK
VAR,2026-01-23,34.71,5421466,NOK
VAR,2026-01-26,34.33,6037801,NOK
VAR,2026-01-27,34.3,7715497,NOK
VAR,2026-01-28,34.65,5373802,NOK
VAR,2026-01-29,34.86,9287665,NOK
VAR,2026-01-30,34.87,6865553,NOK
VAR,2026-02-02,34.37,8947759,NOK
VAR,2026-02-03,33.32,8760983,NOK
VAR,2026-02-04,33.49,6841571,NOK
VAR,2026-02-05,33.81,8391738,NOK
VAR,2026-02-06,34.07,5929732,NOK
VAR,2026-02-09,33.87,6239100,NOK
VAR,2026-02-10,33.36,14025479,NOK
VAR,2026-02-11,33.71,10374092,NOK
VAR,2026-02-12,33.7,8027630,NOK
VAR,2026-02-13,33.75,7284650,NOK
VAR,2026-02-16,33.18,6767489,NOK
VAR,2026-02-17,32.91,8013359,NOK
VAR,2026-02-18,34.28,10226079,NOK
VAR,2026-02-19,35.04,11719798,NOK
VAR,2026-02-20,34.35,7318420,NOK
VAR,2026-02-23,34.67,5758014,NOK
VAR,2026-02-24,35.0,4950739,NOK
VAR,2026-02-25,34.91,5957781,NOK
VAR,2026-02-26,34.82,6859123,NOK
VAR,2026-02-27,35.49,11053192,NOK
VAR,2026-03-02,37.63,28617061,NOK
VAR,2026-03-03,38.82,22679466,NOK
VAR,2026-03-04,37.65,14218938,NOK
VAR,2026-03-05,38.11,13294165,NOK
VAR,2026-03-06,38.68,17199079,NOK
VAR,2026-03-09,39.89,23991119,NOK
VAR,2026-03-10,38.53,13149652,NOK
VAR,2026-03-11,39.29,10937951,NOK
VAR,2026-03-12,40.2,14962128,NOK
VAR,2026-03-13,41.22,16110013,NOK
VAR,2026-03-16,42.54,16590121,NOK
VAR,2026-03-17,43.87,13936444,NOK
VAR,2026-03-18,44.34,12527709,NOK
VAR,2026-03-19,49.97,33387262,NOK
VAR,2026-03-20,47.99,27227049,NOK
VAR,2026-03-23,44.98,26728271,NOK
VAR,2026-03-24,46.08,9697982,NOK
VAR,2026-03-25,46.67,10750553,NOK
VAR,2026-03-26,47.57,8442278,NOK
VAR,2026-03-27,48.83,10053620,NOK
VAR,2026-03-30,50.46,16344658,NOK
VAR,2026-03-31,50.54,11823341,NOK
VAR,2026-04-01,48.14,9935523,NOK
VAR,2026-04-07,49.34,14096626,NOK
VAR,2026-04-08,43.6,26682029,NOK
VAR,2026-04-09,46.06,10383338,NOK
VAR,2026-04-10,45.69,8912508,NOK
VAR,2026-04-13,46.46,12398636,NOK
VAR,2026-04-14,44.89,8954598,NOK
VAR,2026-04-15,44.45,9020125,NOK
VAR,2026-04-16,44.5,8545475,NOK
VAR,2026-04-17,41.75,12711258,NOK
VAR,2026-04-20,43.2,7516359,NOK
VAR,2026-04-21,43.78,5394391,NOK
VAR,2026-04-22,44.67,6804216,NOK
VAR,2026-04-23,45.06,5843669,NOK
VAR,2026-04-24,45.0,7889297,NOK
VAR,2026-04-27,45.23,5061537,NOK
VAR,2026-04-28,46.08,7374704,NOK
VAR,2026-04-29,46.25,5285731,NOK
VAR,2026-04-30,46.93,5063048,NOK
VAR,2026-05-04,47.06,4243509,NOK
VAR,2026-05-05,47.86,5498445,NOK
VAR,2026-05-06,44.82,12708153,NOK
VAR,2026-05-07,43.97,8063585,NOK
VAR,2026-05-08,44.17,4928432,NOK
VAR,2026-05-11,45.22,5120500,NOK
VAR,2026-05-12,46.45,5515385,NOK
VAR,2026-05-13,46.63,5677525,NOK
VAR,2026-05-15,47.33,7603194,NOK
VAR,2026-05-18,47.6,6060843,NOK
VAR,2026-05-19,48.65,5879358,NOK
VAR,2026-05-20,48.27,6831713,NOK
VAR,2026-05-21,48.32,5233829,NOK
VAR,2026-05-22,47.22,6254319,NOK
VAR,2026-05-26,47.34,7972165,NOK
VAR,2026-05-27,45.91,8333497,NOK
VAR,2026-05-28,45.75,7063558,NOK
VAR,2026-05-29,45.53,84337412,NOK
VAR,2026-06-01,47.0,6902499,NOK
VAR,2026-06-02,47.5,7597992,NOK
VAR,2026-06-03,47.68,7160460,NOK
VAR,2026-06-04,47.58,6722188,NOK
VAR,2026-06-05,47.98,7326806,NOK
VAR,2026-06-08,47.86,6370633,NOK
VAR,2026-06-09,47.45,5656191,NOK
VAR,2026-06-10,48.52,6626708,NOK
VAR,2026-06-11,49.73,6172593,NOK
VAR,2026-06-12,47.02,8017087,NOK
VAR,2026-06-15,44.0,9315216,NOK
VAR,2026-06-16,43.08,8707182,NOK
VAR,2026-06-17,43.31,5404413,NOK
VAR,2026-06-18,42.05,4705262,NOK
VAR,2026-06-19,43.09,6608874,NOK
VAR,2026-06-22,43.09,3723276,NOK
VAR,2026-06-23,42.63,4867180,NOK
VAR,2026-06-24,41.19,6417884,NOK
VAR,2026-06-25,40.8,7499167,NOK
VAR,2026-06-26,40.67,3943062,NOK
VAR,2026-06-29,40.66,4076207,NOK
VAR,2026-06-30,41.19,6120069,NOK
VAR,2026-07-01,40.1,5470072,NOK
VAR,2026-07-02,40.72,3587957,NOK
VAR,2026-07-03,40.97,2181927,NOK
VAR,2026-07-06,40.87,2807563,NOK
VAR,2026-07-07,41.56,3820497,NOK
VAR,2026-07-08,43.03,7334835,NOK
VAR,2026-07-09,42.67,7591189,NOK
VAR,2026-07-10,42.06,3968326,NOK
VAR,2026-07-13,43.33,5175978,NOK
VAR,2026-07-14,43.92,6414057,NOK
VAR,2026-07-15,43.56,4330477,NOK
VAR,2026-07-16,43.52,3859811,NOK
VAR,2026-07-17,44.4,5112522,NOK
VAR,2026-07-20,43.61,5448788,NOK
VAR,2026-07-21,46.7,13012614,NOK
VAR,2026-07-22,48.75,8193372,NOK
VAR,2026-07-23,49.3,9389543,NOK
VAR,2026-07-24,48.71,8082518,NOK
VAR,2026-07-27,46.75,8183841,NOK
VAR,2026-07-28,46.81,7030928,NOK
VAR,2026-07-29,47.9,5279688,NOK
VAR,2026-07-30,47.3,3480092,NOK
VAR,2026-07-31,47.2,4225949,NOK
VAR,2026-08-03,47.16,3988357,NOK
VAR,2026-08-04,46.9,8343284,NOK
VAR,2026-08-05,46.3,4732718,NOK
VAR,2026-08-06,46.36,3419267,NOK
VAR,2026-08-07,46.62,6409449,NOK
VAR,2026-08-10,47.77,6436477,NOK
VAR,2026-08-11,48.61,6542533,NOK
VAR,2026-08-12,48.82,4892801,NOK
VAR,2026-08-13,47.6,4288067,NOK
VAR,2026-08-14,48.56,4089252,NOK
VAR,2026-08-17,48.63,3884089,NOK
VAR,2026-08-18,49.39,4978297,NOK
VAR,2026-08-19,50.18,8188597,NOK
VAR,2026-08-20,51.58,9304365,NOK
VAR,2026-08-21,49.69,9381189,NOK
VAR,2026-08-24,49.05,4237530,NOK
VAR,2026-08-25,48.71,7127165,NOK
VAR,2026-08-26,48.45,7177269,NOK
VAR,2026-08-27,48.4,4870968,NOK
VAR,2026-08-28,48.53,4141058,NOK
VAR,2026-08-31,49.67,9497014,NOK
VAR,2026-09-01,50.2,6484787,NOK
VAR,2026-09-02,50.28,6131088,NOK
VAR,2026-09-03,50.48,5722779,NOK
VAR,2026-09-04,50.08,5148260,NOK
VAR,2026-09-07,50.6,4703348,NOK
VAR,2026-09-08,51.5,5132948,NOK
VAR,2026-09-09,53.06,6653721,NOK
VAR,2026-09-10,53.3,6667535,NOK
VAR,2026-09-11,53.12,4902802,NOK
VAR,2026-09-14,54.74,5617069,NOK
VAR,2026-09-15,54.48,4090362,NOK
VAR,2026-09-16,54.32,4325672,NOK
VAR,2026-09-17,53.62,6053732,NOK
VAR,2026-09-18,53.8,7097539,NOK
VAR,2026-09-21,52.1,3835406,NOK
VAR,2026-09-22,51.54,4907004,NOK
VAR,2026-09-23,52.12,5104389,NOK
VAR,2026-09-24,53.28,4957584,NOK
VAR,2026-09-25,51.1,5492130,NOK
VAR,2026-09-28,51.6,2501553,NOK
VAR,2026-09-29,51.14,4036400,NOK
VAR,2026-09-30,50.82,4342132,NOK
VAR,2026-10-01,51.52,4177159,NOK
VAR,2026-10-02,50.6,3801124,NOK
VAR,2026-10-05,51.3,4508427,NOK
VAR,2026-10-06,51.24,3509447,NOK
VAR,2026-10-07,51.44,1691973,NOK
