isin,emitent,data,short_proc_lacznie,akcje,pozycji
BMG9156K1018,2020 BULKERS,2026-06-08,4.99,1150647,4
BMG9156K1018,2020 BULKERS,2026-06-09,5.26,1213132,4
BMG9156K1018,2020 BULKERS,2026-06-10,5.37,1237461,4
BMG9156K1018,2020 BULKERS,2026-06-11,5.53,1274011,4
BMG9156K1018,2020 BULKERS,2026-06-12,5.74,1321133,4
BMG9156K1018,2020 BULKERS,2026-06-15,5.84,1345196,4
BMG9156K1018,2020 BULKERS,2026-06-16,5.67,1304882,4
BMG9156K1018,2020 BULKERS,2026-06-17,5.74,1322366,4
BMG9156K1018,2020 BULKERS,2026-06-18,6.06,1393955,4
BMG9156K1018,2020 BULKERS,2026-06-19,6.14,1412578,4
BMG9156K1018,2020 BULKERS,2026-06-22,5.57,1281988,3
BMG9156K1018,2020 BULKERS,2026-06-23,5.58,1285065,3
BMG9156K1018,2020 BULKERS,2026-06-24,5.34,1228597,3
BMG9156K1018,2020 BULKERS,2026-06-25,4.93,1131977,2
BMG9156K1018,2020 BULKERS,2026-06-26,5,1147357,2
BMG9156K1018,2020 BULKERS,2026-06-29,4.99,1147127,2
BMG9156K1018,2020 BULKERS,2026-06-30,5.22,1200364,2
BMG9156K1018,2020 BULKERS,2026-07-01,5.16,1186756,2
BMG9156K1018,2020 BULKERS,2026-07-02,5.18,1189217,2
BMG9156K1018,2020 BULKERS,2026-07-07,5.13,1179373,2
BMG9156K1018,2020 BULKERS,2026-07-09,5.74,1321207,3
BMG9156K1018,2020 BULKERS,2026-07-10,5.63,1293411,3
BMG9156K1018,2020 BULKERS,2026-07-13,5,1150648,2
BMG9156K1018,2020 BULKERS,2026-07-14,4.81,1106347,2
BMG9156K1018,2020 BULKERS,2026-07-15,4.73,1087590,2
BMG9156K1018,2020 BULKERS,2026-07-16,4.65,1067607,2
BMG9156K1018,2020 BULKERS,2026-07-17,4.5,1032384,2
BMG9156K1018,2020 BULKERS,2026-07-20,4.38,1006323,2
BMG9156K1018,2020 BULKERS,2026-07-21,4.72,1086526,3
BMG9156K1018,2020 BULKERS,2026-07-22,4.54,1044244,3
BMG9156K1018,2020 BULKERS,2026-07-23,4.47,1028996,3
BMG9156K1018,2020 BULKERS,2026-07-24,4.26,981372,3
BMG9156K1018,2020 BULKERS,2026-07-27,4.01,922768,3
BMG9156K1018,2020 BULKERS,2026-07-28,3.94,907681,3
BMG9156K1018,2020 BULKERS,2026-07-29,3.47,799560,3
BMG9156K1018,2020 BULKERS,2026-07-30,3.31,763355,3
BMG9156K1018,2020 BULKERS,2026-07-31,2.47,570444,2
BMG9156K1018,2020 BULKERS,2026-08-03,2.88,663090,3
BMG9156K1018,2020 BULKERS,2026-08-04,2.91,670711,3
BMG9156K1018,2020 BULKERS,2026-08-05,2.27,521745,2
BMG9156K1018,2020 BULKERS,2026-08-07,2.2,507533,2
BMG9156K1018,2020 BULKERS,2026-08-11,2.11,486144,2
BMG9156K1018,2020 BULKERS,2026-08-12,2.06,475237,2
BMG9156K1018,2020 BULKERS,2026-08-13,1.92,443147,2
BMG9156K1018,2020 BULKERS,2026-08-14,1.87,431593,2
BMG9156K1018,2020 BULKERS,2026-08-18,1.68,387942,2
BMG9156K1018,2020 BULKERS,2026-08-19,1.65,381750,2
BMG9156K1018,2020 BULKERS,2026-08-20,1.52,352156,2
BMG9156K1018,2020 BULKERS,2026-08-21,1.42,328668,2
BMG9156K1018,2020 BULKERS,2026-08-24,1.12,260032,2
BMG9156K1018,2020 BULKERS,2026-08-26,0.58,134521,1
BMG9156K1018,2020 BULKERS,2026-08-27,0,0,0
BMG9156K1018,2020 BULKERS,2026-09-22,0.71,164820,1
BMG9156K1018,2020 BULKERS,2026-09-23,0.94,215588,1
BMG9156K1018,2020 BULKERS,2026-09-24,1.09,249963,1
BMG9156K1018,2020 BULKERS,2026-09-25,1.43,329408,1
BMG9156K1018,2020 BULKERS,2026-09-29,1.64,377008,1
BMG9156K1018,2020 BULKERS,2026-09-30,1.8,413635,1
BMG9156K1018,2020 BULKERS,2026-10-01,0,0,0
NO0010345853,AKER BP,2026-07-01,1.21,7678629,2
NO0010345853,AKER BP,2026-07-02,0.71,4505000,1
NO0010345853,AKER BP,2026-07-07,1.21,7669209,2
NO0010345853,AKER BP,2026-07-14,0.71,4505000,1
NO0010716582,AKER SOLUTIONS,2026-08-11,0.51,2521844,1
NO0010716582,AKER SOLUTIONS,2026-09-04,0.61,2996357,1
NO0013683821,APPEAR ASA,2026-07-17,0.5,207192,1
NO0013683821,APPEAR ASA,2026-07-20,0,0,0
NO0013683821,APPEAR ASA,2026-07-24,0.51,212544,1
NO0013683821,APPEAR ASA,2026-07-29,0,0,0
NO0013683821,APPEAR ASA,2026-08-03,0.5,209273,1
NO0013683821,APPEAR ASA,2026-08-04,0,0,0
NO0013683821,APPEAR ASA,2026-08-20,0.5,206674,1
NO0013683821,APPEAR ASA,2026-08-21,0,0,0
BMG0670A1099,AUTOSTORE HOLDINGS LTD.,2026-09-10,2.1,74256064,2
FO0000000179,BAKKAFROST,2026-06-16,2.6,1550626,3
FO0000000179,BAKKAFROST,2026-06-29,3.11,1856552,4
FO0000000179,BAKKAFROST,2026-06-30,3.3,1966063,4
FO0000000179,BAKKAFROST,2026-07-01,3.43,2046552,4
FO0000000179,BAKKAFROST,2026-07-16,2.92,1740626,3
FO0000000179,BAKKAFROST,2026-07-24,2.98,1776135,3
FO0000000179,BAKKAFROST,2026-09-14,2.99,1781483,3
NO0010379266,BLUENORD ASA,2026-06-19,0,0,0
BMG1466R1732,BORR DRILLING LIMITED,2026-06-08,5.09,15991528,4
BMG1466R1732,BORR DRILLING LIMITED,2026-06-09,5.26,16485666,4
BMG1466R1732,BORR DRILLING LIMITED,2026-06-10,5.38,16868496,4
BMG1466R1732,BORR DRILLING LIMITED,2026-06-11,5.6,17540498,4
BMG1466R1732,BORR DRILLING LIMITED,2026-06-12,5.69,17816436,4
BMG1466R1732,BORR DRILLING LIMITED,2026-06-15,5.81,18191532,4
BMG1466R1732,BORR DRILLING LIMITED,2026-06-16,6,18801028,4
BMG1466R1732,BORR DRILLING LIMITED,2026-06-17,6.12,19195548,4
BMG1466R1732,BORR DRILLING LIMITED,2026-06-18,6.02,18902712,4
BMG1466R1732,BORR DRILLING LIMITED,2026-06-24,6.1,19133698,4
BMG1466R1732,BORR DRILLING LIMITED,2026-06-30,6.08,19075608,4
BMG1466R1732,BORR DRILLING LIMITED,2026-07-03,6.08,19070548,4
BMG1466R1732,BORR DRILLING LIMITED,2026-07-07,6.74,21132136,5
BMG1466R1732,BORR DRILLING LIMITED,2026-07-08,6.79,21273888,5
BMG1466R1732,BORR DRILLING LIMITED,2026-07-10,6.88,21556362,5
BMG1466R1732,BORR DRILLING LIMITED,2026-07-15,7.12,22289860,5
BMG1466R1732,BORR DRILLING LIMITED,2026-07-21,7.21,22564360,5
BMG1466R1732,BORR DRILLING LIMITED,2026-07-23,6.64,20781524,4
BMG1466R1732,BORR DRILLING LIMITED,2026-07-24,6.72,21041620,4
BMG1466R1732,BORR DRILLING LIMITED,2026-07-28,6.81,21302056,4
BMG1466R1732,BORR DRILLING LIMITED,2026-08-06,6.91,21610570,4
BMG1466R1732,BORR DRILLING LIMITED,2026-08-13,7.04,22025052,4
BMG1466R1732,BORR DRILLING LIMITED,2026-08-18,7.14,22339886,4
BMG1466R1732,BORR DRILLING LIMITED,2026-08-28,7.1,22223976,4
BMG1466R1732,BORR DRILLING LIMITED,2026-09-01,7.11,22247622,4
BMG1466R1732,BORR DRILLING LIMITED,2026-09-02,7.08,22138052,4
BMG1466R1732,BORR DRILLING LIMITED,2026-09-09,7,21905420,4
BMG1466R1732,BORR DRILLING LIMITED,2026-09-15,7.08,22159324,4
BMG1466R1732,BORR DRILLING LIMITED,2026-09-16,7.06,22094950,4
BMG1466R1732,BORR DRILLING LIMITED,2026-09-17,6.99,21890788,4
BMG1466R1732,BORR DRILLING LIMITED,2026-09-22,7.12,22315940,4
BMG1466R1732,BORR DRILLING LIMITED,2026-09-23,7.17,22460620,4
BMG1466R1732,BORR DRILLING LIMITED,2026-09-25,7.31,22905704,4
BMG1466R1732,BORR DRILLING LIMITED,2026-09-28,7.37,23096260,4
BMG1466R1732,BORR DRILLING LIMITED,2026-09-30,7.48,23454068,4
BMG1466R1732,BORR DRILLING LIMITED,2026-10-01,7.27,22813202,4
BMG1466R1732,BORR DRILLING LIMITED,2026-10-02,7.92,24881724,5
NO0010657505,BORREGAARD,2026-06-09,0.6,607109,1
NO0010657505,BORREGAARD,2026-07-16,1.1,1110183,2
NO0010657505,BORREGAARD,2026-07-24,0.6,607109,1
NO0010657505,BORREGAARD,2026-08-06,0.7,701143,1
NO0010657505,BORREGAARD,2026-08-18,0.69,696873,1
NO0010657505,BORREGAARD,2026-09-10,0.59,591319,1
NO0010360266,BOUVET,2026-06-11,0.5,520814,1
NO0010360266,BOUVET,2026-08-31,0,0,0
DK0061412772,CADELER A/S,2026-07-06,0.5,1954816,1
DK0061412772,CADELER A/S,2026-07-14,0.62,2396863,1
DK0061412772,CADELER A/S,2026-07-20,0.71,2750401,1
DK0061412772,CADELER A/S,2026-07-28,0.8,3101753,1
DK0061412772,CADELER A/S,2026-08-13,1.3,5032428,2
DK0061412772,CADELER A/S,2026-09-04,1.8,6973070,3
DK0061412772,CADELER A/S,2026-09-24,1.93,7483509,3
NO0013219535,CAVENDISH HYDROGEN ASA,2026-07-14,0.61,242978,1
NO0013219535,CAVENDISH HYDROGEN ASA,2026-07-28,0.59,237929,1
NO0013033795,CIRCIO HOLDING ASA,2026-08-26,0.54,1506038,1
NO0013033795,CIRCIO HOLDING ASA,2026-08-27,0,0,0
NO0013033795,CIRCIO HOLDING ASA,2026-08-31,0.62,1711732,1
NO0013033795,CIRCIO HOLDING ASA,2026-09-01,0.79,2196207,1
NO0013033795,CIRCIO HOLDING ASA,2026-09-14,0,0,0
NO0013033795,CIRCIO HOLDING ASA,2026-09-15,0.79,2197023,1
NO0013033795,CIRCIO HOLDING ASA,2026-09-21,0.84,2331923,1
NO0013033795,CIRCIO HOLDING ASA,2026-09-22,0.68,1989151,1
NO0013033795,CIRCIO HOLDING ASA,2026-09-23,0.73,2146150,1
NO0013033795,CIRCIO HOLDING ASA,2026-09-24,0.64,1872205,1
NO0013033795,CIRCIO HOLDING ASA,2026-09-25,0,0,0
NO0012697095,DELLIA GROUP,2026-06-12,0,0,0
NO0013755728,DELLIA GROUP,2026-07-16,0.51,226145,1
NO0013755728,DELLIA GROUP,2026-08-13,0.6,265415,1
NO0010963275,DESERT CONTROL AS,2026-07-20,0.5,613408,1
NO0010963275,DESERT CONTROL AS,2026-07-27,0.66,799522,1
NO0010963275,DESERT CONTROL AS,2026-07-28,1.65,2005078,2
NO0010963275,DESERT CONTROL AS,2026-07-29,4.24,5143643,3
NO0010963275,DESERT CONTROL AS,2026-07-30,5.57,6762885,4
NO0010963275,DESERT CONTROL AS,2026-07-31,6.38,7728447,4
NO0010963275,DESERT CONTROL AS,2026-08-03,7.18,8713815,4
NO0010963275,DESERT CONTROL AS,2026-08-05,7.39,8968411,4
NO0010963275,DESERT CONTROL AS,2026-08-06,7.05,8564391,4
NO0010963275,DESERT CONTROL AS,2026-08-07,6.96,8456291,4
NO0010963275,DESERT CONTROL AS,2026-08-13,7.35,8924003,4
NO0010963275,DESERT CONTROL AS,2026-08-14,7.61,9228760,4
NO0010963275,DESERT CONTROL AS,2026-08-17,7.69,9328760,4
NO0010963275,DESERT CONTROL AS,2026-08-18,7.71,9355474,4
NO0010963275,DESERT CONTROL AS,2026-08-20,3.7,6561152,2
NO0010963275,DESERT CONTROL AS,2026-08-21,0,0,0
NO0013601245,EAM SOLAR AS,2026-06-23,1.86,380000,1
NO0013601245,EAM SOLAR AS,2026-06-24,5.5,1119479,1
NO0013601245,EAM SOLAR AS,2026-06-25,8.79,1786260,1
NO0013601245,EAM SOLAR AS,2026-07-15,0,0,0
NO0010816093,ELKEM,2026-06-09,0.77,2867380,1
NO0010816093,ELKEM,2026-06-10,0.68,2521973,1
NO0010816093,ELKEM,2026-06-11,0.53,1964872,1
NO0010816093,ELKEM,2026-06-15,0,0,0
NO0010722283,ELLIPTIC LABORATORIES ASA,2026-08-26,0.51,647841,1
NL0015000GX8,ENVIPCO HOLDING N.V.,2026-06-08,3.35,2229988,4
NL0015000GX8,ENVIPCO HOLDING N.V.,2026-06-09,3.61,2402171,4
NL0015000GX8,ENVIPCO HOLDING N.V.,2026-06-11,3.62,2405185,4
NL0015000GX8,ENVIPCO HOLDING N.V.,2026-06-15,3.71,2468923,4
NL0015000GX8,ENVIPCO HOLDING N.V.,2026-06-22,3.81,2531335,4
NL0015000GX8,ENVIPCO HOLDING N.V.,2026-06-25,3.9,2595726,4
NL0015000GX8,ENVIPCO HOLDING N.V.,2026-06-29,4,2661228,4
NL0015000GX8,ENVIPCO HOLDING N.V.,2026-06-30,4.1,2727055,4
NL0015000GX8,ENVIPCO HOLDING N.V.,2026-07-08,4.26,2828308,4
NL0015000GX8,ENVIPCO HOLDING N.V.,2026-07-14,4.3,2856312,4
NL0015000GX8,ENVIPCO HOLDING N.V.,2026-07-17,4.29,2851929,4
NL0015000GX8,ENVIPCO HOLDING N.V.,2026-07-20,4.3,2857857,4
NL0015000GX8,ENVIPCO HOLDING N.V.,2026-07-22,4.29,2851132,4
NL0015000GX8,ENVIPCO HOLDING N.V.,2026-07-24,4.8,3188486,5
NL0015000GX8,ENVIPCO HOLDING N.V.,2026-08-03,4.29,2850079,4
NL0015000GX8,ENVIPCO HOLDING N.V.,2026-08-05,4.39,2915210,4
NL0015000GX8,ENVIPCO HOLDING N.V.,2026-08-06,4.89,3246032,5
NL0015000GX8,ENVIPCO HOLDING N.V.,2026-08-07,3.59,2385350,4
NL0015000GX8,ENVIPCO HOLDING N.V.,2026-08-12,4,2660199,4
NL0015000GX8,ENVIPCO HOLDING N.V.,2026-08-13,4.03,2685257,4
NL0015000GX8,ENVIPCO HOLDING N.V.,2026-08-14,3.99,2660858,4
NL0015000GX8,ENVIPCO HOLDING N.V.,2026-08-19,4.02,2679990,4
NL0015000GX8,ENVIPCO HOLDING N.V.,2026-08-20,4.09,2718100,4
NL0015000GX8,ENVIPCO HOLDING N.V.,2026-08-21,4.07,2705444,4
NL0015000GX8,ENVIPCO HOLDING N.V.,2026-08-25,3.97,2640888,4
NL0015000GX8,ENVIPCO HOLDING N.V.,2026-08-31,4.1,2723540,4
NL0015000GX8,ENVIPCO HOLDING N.V.,2026-09-07,4.2,2796276,4
NL0015000GX8,ENVIPCO HOLDING N.V.,2026-09-15,4.31,2866719,4
NL0015000GX8,ENVIPCO HOLDING N.V.,2026-09-17,4.4,2927214,4
NL0015000GX8,ENVIPCO HOLDING N.V.,2026-09-23,4.32,2872765,4
NL0015000GX8,ENVIPCO HOLDING N.V.,2026-09-24,4.31,2867041,4
NL0015000GX8,ENVIPCO HOLDING N.V.,2026-09-25,4.25,2829490,4
NL0015000GX8,ENVIPCO HOLDING N.V.,2026-09-29,4.76,3169440,5
NO0010096985,EQUINOR,2026-06-11,0.7,17988496,1
NO0010096985,EQUINOR,2026-06-22,0.69,17794508,1
NO0010096985,EQUINOR,2026-07-08,0.58,14074836,1
NO0010096985,EQUINOR,2026-07-29,0,0,0
NO0010365521,GRIEG SEAFOOD,2026-06-09,3.44,3922158,4
NO0010365521,GRIEG SEAFOOD,2026-06-10,3.39,3869917,4
NO0010365521,GRIEG SEAFOOD,2026-06-22,2.81,3200682,3
NO0010365521,GRIEG SEAFOOD,2026-07-03,2.31,2628423,2
NO0010365521,GRIEG SEAFOOD,2026-07-16,2.17,2469727,2
NO0010365521,GRIEG SEAFOOD,2026-08-14,2.26,2570564,2
NO0010365521,GRIEG SEAFOOD,2026-08-28,2.05,2330272,2
NO0010365521,GRIEG SEAFOOD,2026-08-31,1.7,1942084,2
NO0010365521,GRIEG SEAFOOD,2026-09-01,1.1,1251974,1
NO0010365521,GRIEG SEAFOOD,2026-09-17,1.09,1243708,1
NO0010365521,GRIEG SEAFOOD,2026-09-23,0.98,1113974,1
NO0010365521,GRIEG SEAFOOD,2026-10-05,1.48,1685540,2
NO0003067902,HEXAGON COMPOSITES,2026-06-08,5.67,14784943,6
NO0003067902,HEXAGON COMPOSITES,2026-06-09,4.6,14848356,6
NO0003067902,HEXAGON COMPOSITES,2026-06-11,4.1,13238837,5
NO0003067902,HEXAGON COMPOSITES,2026-06-30,3.99,12911980,5
NO0003067902,HEXAGON COMPOSITES,2026-07-02,4.03,13047797,5
NO0003067902,HEXAGON COMPOSITES,2026-07-06,3.46,11188640,4
NO0003067902,HEXAGON COMPOSITES,2026-07-07,3.41,11031620,4
NO0003067902,HEXAGON COMPOSITES,2026-07-10,3.92,12674558,5
NO0003067902,HEXAGON COMPOSITES,2026-07-20,3.99,12877096,5
NO0003067902,HEXAGON COMPOSITES,2026-07-21,3.98,12847066,5
NO0003067902,HEXAGON COMPOSITES,2026-07-22,3.47,11204128,4
NO0003067902,HEXAGON COMPOSITES,2026-07-24,2.82,9204958,3
NO0003067902,HEXAGON COMPOSITES,2026-07-28,2.7,8995330,3
NO0003067902,HEXAGON COMPOSITES,2026-07-29,3.21,10682615,4
NO0003067902,HEXAGON COMPOSITES,2026-07-30,3.13,10420415,4
NO0003067902,HEXAGON COMPOSITES,2026-07-31,3.14,10422133,4
NO0003067902,HEXAGON COMPOSITES,2026-08-03,3.13,10405709,4
NO0003067902,HEXAGON COMPOSITES,2026-08-06,2.97,9867580,4
NO0003067902,HEXAGON COMPOSITES,2026-08-07,1.84,6098135,2
NO0003067902,HEXAGON COMPOSITES,2026-08-13,1.64,5525372,2
NO0003067902,HEXAGON COMPOSITES,2026-08-19,1.08,3634372,1
NO0003067902,HEXAGON COMPOSITES,2026-08-24,0.99,3319966,1
BMG4660A1036,HIMALAYA SHIPPING LTD,2026-08-11,0.53,250858,1
BMG4660A1036,HIMALAYA SHIPPING LTD,2026-08-12,0,0,0
BMG4660A1036,HIMALAYA SHIPPING LTD,2026-09-16,0.51,242565,1
BMG4660A1036,HIMALAYA SHIPPING LTD,2026-09-17,0.57,269006,1
BMG4660A1036,HIMALAYA SHIPPING LTD,2026-09-21,0.55,262946,1
BMG4660A1036,HIMALAYA SHIPPING LTD,2026-09-22,0.56,264158,1
BMG4660A1036,HIMALAYA SHIPPING LTD,2026-09-23,0.52,246595,1
BMG4660A1036,HIMALAYA SHIPPING LTD,2026-09-24,0.58,271795,1
BMG4660A1036,HIMALAYA SHIPPING LTD,2026-09-25,0.63,300395,1
BMG4660A1036,HIMALAYA SHIPPING LTD,2026-09-28,0.69,324595,1
BMG4660A1036,HIMALAYA SHIPPING LTD,2026-09-29,1.46,683180,2
BMG4660A1036,HIMALAYA SHIPPING LTD,2026-10-01,1.42,664571,2
BMG4660A1036,HIMALAYA SHIPPING LTD,2026-10-02,1.42,668155,2
BMG4660A1036,HIMALAYA SHIPPING LTD,2026-10-05,1.47,692997,2
NO0011082075,HOEGH AUTOLINERS ASA,2026-06-12,1.5,2880329,2
NO0011082075,HOEGH AUTOLINERS ASA,2026-07-06,1.4,2685081,2
NO0011082075,HOEGH AUTOLINERS ASA,2026-07-14,1.29,2486811,2
NO0011082075,HOEGH AUTOLINERS ASA,2026-07-22,0.69,1329111,1
NO0011082075,HOEGH AUTOLINERS ASA,2026-09-03,0.59,1192500,1
NO0011082075,HOEGH AUTOLINERS ASA,2026-09-30,0,0,0
NO0012953720,HUNTER GROUP,2026-06-08,0,0,0
NO0012953720,HUNTER GROUP,2026-06-29,0.5,674184,1
NO0012953720,HUNTER GROUP,2026-07-01,1.1,1485160,2
NO0012953720,HUNTER GROUP,2026-07-06,0.6,810976,1
NO0012953720,HUNTER GROUP,2026-07-14,0.55,749800,1
NO0012953720,HUNTER GROUP,2026-07-15,0,0,0
NO0012953720,HUNTER GROUP,2026-07-17,0.56,767477,1
NO0012953720,HUNTER GROUP,2026-07-21,0,0,0
NO0012953720,HUNTER GROUP,2026-09-22,1.9,2587417,2
NO0012953720,HUNTER GROUP,2026-09-24,0.79,1078601,1
NO0013119255,INTEROIL EXPLORATION AND PRODUCTION,2026-06-18,1.25,251708,1
NO0013119255,INTEROIL EXPLORATION AND PRODUCTION,2026-06-19,0.98,199124,1
NO0013119255,INTEROIL EXPLORATION AND PRODUCTION,2026-06-23,0.86,174924,1
NO0013119255,INTEROIL EXPLORATION AND PRODUCTION,2026-06-25,0.72,145435,1
NO0013119255,INTEROIL EXPLORATION AND PRODUCTION,2026-06-26,0.65,131802,1
NO0013119255,INTEROIL EXPLORATION AND PRODUCTION,2026-06-29,0,0,0
NO0010743545,KID,2026-06-16,3.83,1567172,5
NO0010743545,KID,2026-07-08,3.82,1562735,5
NO0010743545,KID,2026-07-30,3.71,1519895,5
NO0010743545,KID,2026-08-03,3.68,1507411,5
NO0010743545,KID,2026-08-04,3.59,1467806,5
NO0010743545,KID,2026-08-06,3.48,1426267,5
NO0010743545,KID,2026-08-21,3.21,1315240,5
NO0010743545,KID,2026-08-24,3.15,1291744,5
NO0010743545,KID,2026-09-14,3.25,1330825,5
NO0010743545,KID,2026-09-28,3.36,1374770,5
NO0003079709,KITRON,2026-09-15,0.5,1100311,1
NO0003079709,KITRON,2026-09-22,0.61,1334924,1
NO0003079709,KITRON,2026-09-24,1.12,2464019,2
NO0003079709,KITRON,2026-10-05,1.21,2674008,2
NO0013697029,KONGSBERG MARITIME ASA,2026-07-27,0.5,4426468,1
NO0013697029,KONGSBERG MARITIME ASA,2026-08-07,0,0,0
NO0010894231,LINK MOBILITY GROUP HOLDING,2026-06-09,10.2,31232392,10
NO0010894231,LINK MOBILITY GROUP HOLDING,2026-06-10,10.49,32142020,11
NO0010894231,LINK MOBILITY GROUP HOLDING,2026-06-11,10.27,31481080,11
NO0010894231,LINK MOBILITY GROUP HOLDING,2026-06-12,10.9,33392520,12
NO0010894231,LINK MOBILITY GROUP HOLDING,2026-06-15,10.71,32772468,12
NO0010894231,LINK MOBILITY GROUP HOLDING,2026-06-16,10.61,32458528,12
NO0010894231,LINK MOBILITY GROUP HOLDING,2026-06-18,10.58,32402604,12
NO0010894231,LINK MOBILITY GROUP HOLDING,2026-06-19,9.98,30561388,11
NO0010894231,LINK MOBILITY GROUP HOLDING,2026-06-22,10.5,32158620,12
NO0010894231,LINK MOBILITY GROUP HOLDING,2026-06-23,10.09,30914382,11
NO0010894231,LINK MOBILITY GROUP HOLDING,2026-06-24,10.5,32183116,12
NO0010894231,LINK MOBILITY GROUP HOLDING,2026-06-29,9.96,30534914,11
NO0010894231,LINK MOBILITY GROUP HOLDING,2026-06-30,9.69,29721176,11
NO0010894231,LINK MOBILITY GROUP HOLDING,2026-07-01,9.17,28106202,10
NO0010894231,LINK MOBILITY GROUP HOLDING,2026-07-02,9.1,27902154,10
NO0010894231,LINK MOBILITY GROUP HOLDING,2026-07-03,8.93,27362436,10
NO0010894231,LINK MOBILITY GROUP HOLDING,2026-07-09,9.43,28921848,11
NO0010894231,LINK MOBILITY GROUP HOLDING,2026-07-10,9.34,28648438,11
NO0010894231,LINK MOBILITY GROUP HOLDING,2026-07-13,9.32,28600262,11
NO0010894231,LINK MOBILITY GROUP HOLDING,2026-07-14,9.24,28378648,11
NO0010894231,LINK MOBILITY GROUP HOLDING,2026-07-15,9.15,28106384,11
NO0010894231,LINK MOBILITY GROUP HOLDING,2026-07-17,9.05,27793160,11
NO0010894231,LINK MOBILITY GROUP HOLDING,2026-07-23,8.46,25973240,10
NO0010894231,LINK MOBILITY GROUP HOLDING,2026-07-24,7.96,24413828,9
NO0010894231,LINK MOBILITY GROUP HOLDING,2026-07-27,8.36,25665880,10
NO0010894231,LINK MOBILITY GROUP HOLDING,2026-07-28,7.75,23807710,9
NO0010894231,LINK MOBILITY GROUP HOLDING,2026-07-30,7.17,22019448,8
NO0010894231,LINK MOBILITY GROUP HOLDING,2026-08-05,7.57,23225786,9
NO0010894231,LINK MOBILITY GROUP HOLDING,2026-08-10,7.07,21684818,8
NO0010894231,LINK MOBILITY GROUP HOLDING,2026-08-13,7.18,22019694,8
NO0010894231,LINK MOBILITY GROUP HOLDING,2026-08-14,7.08,21718794,8
NO0010894231,LINK MOBILITY GROUP HOLDING,2026-08-17,6.4,19614022,7
NO0010894231,LINK MOBILITY GROUP HOLDING,2026-08-18,6.44,19704448,7
NO0010894231,LINK MOBILITY GROUP HOLDING,2026-08-19,7.11,21245220,8
NO0010894231,LINK MOBILITY GROUP HOLDING,2026-08-20,7.21,21354720,8
NO0010894231,LINK MOBILITY GROUP HOLDING,2026-08-21,7.72,22828836,9
NO0010894231,LINK MOBILITY GROUP HOLDING,2026-08-24,7.71,22782136,9
NO0010894231,LINK MOBILITY GROUP HOLDING,2026-08-25,7.79,22995764,9
NO0010894231,LINK MOBILITY GROUP HOLDING,2026-08-26,7.88,23094636,9
NO0010894231,LINK MOBILITY GROUP HOLDING,2026-08-28,7.98,23380174,9
NO0010894231,LINK MOBILITY GROUP HOLDING,2026-09-04,7.38,21648866,8
NO0010894231,LINK MOBILITY GROUP HOLDING,2026-09-08,7.4,21708468,8
NO0010894231,LINK MOBILITY GROUP HOLDING,2026-09-09,7.37,21518140,8
NO0010894231,LINK MOBILITY GROUP HOLDING,2026-09-10,6.84,19989816,7
NO0010894231,LINK MOBILITY GROUP HOLDING,2026-09-14,6.94,20280450,7
NO0010894231,LINK MOBILITY GROUP HOLDING,2026-09-16,7.02,20493072,7
NO0010894231,LINK MOBILITY GROUP HOLDING,2026-09-23,7.14,20844804,7
NO0010894231,LINK MOBILITY GROUP HOLDING,2026-09-24,7.2,21014140,7
NO0010894231,LINK MOBILITY GROUP HOLDING,2026-09-28,7.86,22625664,8
NO0010894231,LINK MOBILITY GROUP HOLDING,2026-09-30,7.93,22819816,8
NO0010894231,LINK MOBILITY GROUP HOLDING,2026-10-01,7.44,21420646,7
NO0010894231,LINK MOBILITY GROUP HOLDING,2026-10-05,7.55,21734630,7
NO0010187032,MAGNORA,2026-06-08,1.85,1343805,2
NO0010187032,MAGNORA,2026-06-09,3.17,2279770,4
NO0010187032,MAGNORA,2026-06-10,3.77,2717977,5
NO0010187032,MAGNORA,2026-06-11,3.72,2684798,5
NO0010187032,MAGNORA,2026-06-12,3.86,2788490,5
NO0010187032,MAGNORA,2026-06-15,3.35,2412361,4
NO0010187032,MAGNORA,2026-06-16,2.94,2137219,3
NO0010187032,MAGNORA,2026-06-17,3.54,2575618,4
NO0010187032,MAGNORA,2026-06-18,4.23,3041031,5
NO0010187032,MAGNORA,2026-06-19,4.37,3141838,5
NO0010187032,MAGNORA,2026-06-24,4.42,3180543,5
NO0010187032,MAGNORA,2026-06-26,4.52,3253294,5
NO0010187032,MAGNORA,2026-07-01,4.62,3324919,5
NO0010187032,MAGNORA,2026-07-02,4.6,3309265,5
NO0010187032,MAGNORA,2026-07-03,4.57,3286157,5
NO0010187032,MAGNORA,2026-07-06,4.57,3289235,5
NO0010187032,MAGNORA,2026-07-09,4.55,3274449,5
NO0010187032,MAGNORA,2026-07-10,4.57,3288485,5
NO0010187032,MAGNORA,2026-07-13,4.47,3212067,5
NO0010187032,MAGNORA,2026-07-14,4.44,3147202,5
NO0010187032,MAGNORA,2026-07-15,4.46,3158175,5
NO0010187032,MAGNORA,2026-07-20,4.97,3528277,6
NO0010187032,MAGNORA,2026-07-21,4.88,3460178,6
NO0010187032,MAGNORA,2026-07-27,4.8,3402881,6
NO0010187032,MAGNORA,2026-07-28,4.91,3495969,6
NO0010187032,MAGNORA,2026-07-29,4.98,3540365,6
NO0010187032,MAGNORA,2026-07-30,4.41,3127845,5
NO0010187032,MAGNORA,2026-07-31,4.37,3100425,5
NO0010187032,MAGNORA,2026-08-03,4.48,3179575,5
NO0010187032,MAGNORA,2026-08-04,4.39,3121227,5
NO0010187032,MAGNORA,2026-08-07,4.54,3220086,5
NO0010187032,MAGNORA,2026-08-10,4.6,3261877,5
NO0010187032,MAGNORA,2026-08-24,4.1,2940093,4
NO0010187032,MAGNORA,2026-08-25,4.16,2981046,4
NO0010187032,MAGNORA,2026-08-26,4.22,3023600,4
NO0010187032,MAGNORA,2026-08-31,4.33,3107043,4
NO0010187032,MAGNORA,2026-09-03,4.42,3171726,4
NO0010187032,MAGNORA,2026-09-09,4.39,3155017,4
NO0010187032,MAGNORA,2026-09-10,4.5,3237435,4
NO0010187032,MAGNORA,2026-09-14,4.63,3326807,4
NO0010187032,MAGNORA,2026-09-15,4.69,3369560,4
NO0010187032,MAGNORA,2026-09-17,5.23,3768254,5
NO0010187032,MAGNORA,2026-09-21,5.34,3846475,5
NO0010187032,MAGNORA,2026-09-22,4.73,3439911,4
NO0010187032,MAGNORA,2026-09-28,4.77,3466041,4
NO0010187032,MAGNORA,2026-09-29,4.76,3456258,4
NO0010187032,MAGNORA,2026-09-30,4.78,3470388,4
NO0010187032,MAGNORA,2026-10-02,4.74,3447421,4
NO0010187032,MAGNORA,2026-10-05,4.65,3376705,4
NO0003054108,MOWI,2026-06-09,0.6,3184454,1
NO0003054108,MOWI,2026-06-10,1.1,5835130,2
NO0003054108,MOWI,2026-06-17,0.6,3184454,1
NO0003054108,MOWI,2026-07-02,1.1,5857345,2
NO0003054108,MOWI,2026-07-07,0.6,3184454,1
NO0003054108,MOWI,2026-07-14,1.1,5841134,2
NO0003054108,MOWI,2026-07-16,0.6,3184454,1
NO0003054108,MOWI,2026-07-17,0.59,3159757,1
NO0003054108,MOWI,2026-07-24,1.09,5824767,2
NO0003054108,MOWI,2026-07-27,0.59,3159757,1
NO0003054108,MOWI,2026-08-06,1.1,5863006,2
NO0003054108,MOWI,2026-08-11,0.61,3234624,1
NO0003054108,MOWI,2026-08-14,1.11,5882370,2
NO0003054108,MOWI,2026-08-17,0.61,3234624,1
NO0003054108,MOWI,2026-08-18,1.11,5873315,2
NO0003054108,MOWI,2026-08-28,0.61,3234624,1
NO0003054108,MOWI,2026-08-31,1.11,5888038,2
NO0003054108,MOWI,2026-09-14,1.61,8551488,3
NO0003054108,MOWI,2026-09-16,1.11,5888038,2
NO0003054108,MOWI,2026-09-22,1.22,6453071,2
NO0010081235,NEL,2026-06-24,1.1,20419360,2
NO0010081235,NEL,2026-08-24,0.59,10941747,1
NO0010856511,NORBIT,2026-07-07,1.43,923081,2
NO0010856511,NORBIT,2026-07-10,1.55,998037,2
NO0010856511,NORBIT,2026-07-14,2.05,1318593,3
NO0010856511,NORBIT,2026-07-15,2.1,1355534,3
NO0010856511,NORBIT,2026-07-20,2.2,1414342,3
NO0010856511,NORBIT,2026-08-04,2.19,1411863,3
NO0010856511,NORBIT,2026-08-07,1.3,836756,2
NO0010856511,NORBIT,2026-08-19,1.42,915640,2
NO0010856511,NORBIT,2026-09-03,1.52,985219,2
NO0010856511,NORBIT,2026-09-18,2.03,1315494,3
NO0010856511,NORBIT,2026-10-05,2.16,1398091,3
NO0013052209,NORCONSULT ASA,2026-07-31,1,3206209,2
NO0013052209,NORCONSULT ASA,2026-08-07,0.5,1613423,1
NO0013052209,NORCONSULT ASA,2026-08-14,0,0,0
NO0013162693,NORDIC MINING,2026-07-06,0.68,857037,1
NO0013162693,NORDIC MINING,2026-07-07,0.7,878991,1
NO0013162693,NORDIC MINING,2026-07-09,0.59,743622,1
NO0013162693,NORDIC MINING,2026-07-17,0,0,0
NO0013162693,NORDIC MINING,2026-07-22,0.51,649324,1
NO0013162693,NORDIC MINING,2026-07-23,0,0,0
NO0013162693,NORDIC MINING,2026-07-24,0.5,628207,1
NO0013162693,NORDIC MINING,2026-07-28,0,0,0
NO0013162693,NORDIC MINING,2026-08-07,0.6,760964,1
NO0013162693,NORDIC MINING,2026-08-10,0,0,0
NO0013162693,NORDIC MINING,2026-08-11,0.55,694319,1
NO0013162693,NORDIC MINING,2026-08-12,0.72,905564,1
NO0013162693,NORDIC MINING,2026-09-03,0.68,859774,1
NO0013162693,NORDIC MINING,2026-09-04,0.78,981975,1
NO0013162693,NORDIC MINING,2026-09-22,0.8,1002030,1
NO0013162693,NORDIC MINING,2026-09-24,0.79,1000625,1
NO0013162693,NORDIC MINING,2026-09-29,0.69,873524,1
NO0013162693,NORDIC MINING,2026-10-01,0.59,747764,1
NO0013162693,NORDIC MINING,2026-10-02,0.79,988535,1
NO0013162693,NORDIC MINING,2026-10-05,0.66,834023,1
NO0003055501,NORDIC SEMICONDUCTOR,2026-07-16,2.7,5416261,2
NO0003055501,NORDIC SEMICONDUCTOR,2026-07-24,2.68,5391613,2
NO0003055501,NORDIC SEMICONDUCTOR,2026-08-05,3.4,6837021,3
NO0003055501,NORDIC SEMICONDUCTOR,2026-08-06,3.35,6750313,3
NO0003055501,NORDIC SEMICONDUCTOR,2026-08-07,3.23,6499858,3
NO0003055501,NORDIC SEMICONDUCTOR,2026-08-12,3.2,6436397,3
NO0003055501,NORDIC SEMICONDUCTOR,2026-08-26,3.63,7294814,4
NO0003055501,NORDIC SEMICONDUCTOR,2026-09-03,3.13,6290314,3
NO0003055501,NORDIC SEMICONDUCTOR,2026-09-22,3.16,6349348,3
NO0003055501,NORDIC SEMICONDUCTOR,2026-09-25,2.59,5194433,2
NO0003055501,NORDIC SEMICONDUCTOR,2026-09-30,3.11,6248237,3
NO0003055501,NORDIC SEMICONDUCTOR,2026-10-01,2.59,5194433,2
NO0012885252,NORSE ATLANTIC ASA,2026-06-12,1.66,2714962,2
NO0012885252,NORSE ATLANTIC ASA,2026-06-30,0,0,0
NO0005052605,NORSK HYDRO,2026-07-20,1.1,21905436,2
NO0005052605,NORSK HYDRO,2026-07-28,0.51,10110897,1
NO0005052605,NORSK HYDRO,2026-08-11,0,0,0
NO0005052605,NORSK HYDRO,2026-08-20,0.5,10072744,1
NO0005052605,NORSK HYDRO,2026-09-10,0,0,0
NO0010969108,NORSK TITANIUM AS,2026-07-16,0,0,0
NO0010969108,NORSK TITANIUM AS,2026-08-05,0.51,6642430,1
NO0010969108,NORSK TITANIUM AS,2026-08-10,0,0,0
NO0010196140,NORWEGIAN AIR SHUTTLE,2026-06-08,3.22,34093664,4
NO0010196140,NORWEGIAN AIR SHUTTLE,2026-06-11,3.73,39494180,5
NO0010196140,NORWEGIAN AIR SHUTTLE,2026-06-12,3.45,36651688,5
NO0010196140,NORWEGIAN AIR SHUTTLE,2026-06-15,3.34,35530472,5
NO0010196140,NORWEGIAN AIR SHUTTLE,2026-06-16,3.3,35061028,5
NO0010196140,NORWEGIAN AIR SHUTTLE,2026-06-17,3.19,34009888,5
NO0010196140,NORWEGIAN AIR SHUTTLE,2026-06-18,2.68,28558204,4
NO0010196140,NORWEGIAN AIR SHUTTLE,2026-06-24,2.21,23468610,3
NO0010196140,NORWEGIAN AIR SHUTTLE,2026-06-25,2.2,23436416,3
NO0010196140,NORWEGIAN AIR SHUTTLE,2026-06-26,2.31,24598036,3
NO0010196140,NORWEGIAN AIR SHUTTLE,2026-06-29,2.33,24744526,3
NO0010196140,NORWEGIAN AIR SHUTTLE,2026-06-30,2.38,25191640,3
NO0010196140,NORWEGIAN AIR SHUTTLE,2026-07-02,2.47,26189408,3
NO0010196140,NORWEGIAN AIR SHUTTLE,2026-07-08,3.07,32592172,4
NO0010196140,NORWEGIAN AIR SHUTTLE,2026-07-09,3.18,33692216,4
NO0010196140,NORWEGIAN AIR SHUTTLE,2026-07-10,3.22,34202224,4
NO0010196140,NORWEGIAN AIR SHUTTLE,2026-07-13,3.45,36545888,4
NO0010196140,NORWEGIAN AIR SHUTTLE,2026-07-14,3.36,35625480,4
NO0010196140,NORWEGIAN AIR SHUTTLE,2026-07-15,4.21,44565564,5
NO0010196140,NORWEGIAN AIR SHUTTLE,2026-07-16,4.11,43532260,5
NO0010196140,NORWEGIAN AIR SHUTTLE,2026-07-17,4.07,43219880,5
NO0010196140,NORWEGIAN AIR SHUTTLE,2026-07-19,4.16,44147552,5
NO0010196140,NORWEGIAN AIR SHUTTLE,2026-07-20,4,42527192,5
NO0010196140,NORWEGIAN AIR SHUTTLE,2026-07-21,4.1,43593160,5
NO0010196140,NORWEGIAN AIR SHUTTLE,2026-07-22,3.97,42104012,5
NO0010196140,NORWEGIAN AIR SHUTTLE,2026-07-23,3.72,39451372,5
NO0010196140,NORWEGIAN AIR SHUTTLE,2026-07-24,3.82,40479120,5
NO0010196140,NORWEGIAN AIR SHUTTLE,2026-07-27,2.98,31593808,4
NO0010196140,NORWEGIAN AIR SHUTTLE,2026-07-29,2.36,25031324,3
NO0010196140,NORWEGIAN AIR SHUTTLE,2026-08-04,2.23,23638796,3
NO0010196140,NORWEGIAN AIR SHUTTLE,2026-08-06,2.21,23476434,3
NO0010196140,NORWEGIAN AIR SHUTTLE,2026-08-07,2.11,22439552,3
NO0010196140,NORWEGIAN AIR SHUTTLE,2026-08-12,2.02,21544400,3
NO0010196140,NORWEGIAN AIR SHUTTLE,2026-08-13,1.89,20202412,3
NO0010196140,NORWEGIAN AIR SHUTTLE,2026-08-14,2.39,25524340,4
NO0010196140,NORWEGIAN AIR SHUTTLE,2026-08-17,2.34,24972778,4
NO0010196140,NORWEGIAN AIR SHUTTLE,2026-08-18,1.26,13457824,2
NO0010196140,NORWEGIAN AIR SHUTTLE,2026-08-20,1.31,14002502,2
NO0010196140,NORWEGIAN AIR SHUTTLE,2026-08-24,1.24,13191514,2
NO0010196140,NORWEGIAN AIR SHUTTLE,2026-09-02,1.27,13414105,2
NO0010196140,NORWEGIAN AIR SHUTTLE,2026-09-08,1.2,12722594,2
NO0010196140,NORWEGIAN AIR SHUTTLE,2026-09-11,1.18,12581594,2
NO0010196140,NORWEGIAN AIR SHUTTLE,2026-09-15,0.59,6298528,1
NO0010196140,NORWEGIAN AIR SHUTTLE,2026-09-17,1.09,11586574,2
NO0010196140,NORWEGIAN AIR SHUTTLE,2026-09-21,0.5,5288046,1
NO0003679102,NRC GROUP,2026-06-08,0.52,910008,1
NO0003679102,NRC GROUP,2026-06-11,0,0,0
NO0003733800,ORKLA,2026-06-09,0,0,0
NO0003733800,ORKLA,2026-06-16,0.5,4983108,1
NO0003733800,ORKLA,2026-07-07,0,0,0
NO0003733800,ORKLA,2026-07-13,0.5,4960288,1
NO0003733800,ORKLA,2026-07-14,0,0,0
NO0003733800,ORKLA,2026-07-24,0.5,4945189,1
NO0003733800,ORKLA,2026-07-27,0,0,0
NO0010564701,PANORO ENERGY,2026-09-04,0.51,691133,1
NO0010564701,PANORO ENERGY,2026-09-09,0,0,0
NO0010564701,PANORO ENERGY,2026-09-10,0.55,746128,1
NO0010564701,PANORO ENERGY,2026-09-16,0.62,827872,1
NO0010564701,PANORO ENERGY,2026-09-18,0.7,944455,1
NO0010564701,PANORO ENERGY,2026-09-24,0.69,975774,1
NO0010000045,PHOTOCURE,2026-08-31,0.5,136794,1
NO0010000045,PHOTOCURE,2026-09-02,0,0,0
NO0010310956,SALMAR,2026-06-11,1.01,1365939,2
NO0010310956,SALMAR,2026-09-02,1.51,2052498,3
NO0010310956,SALMAR,2026-09-16,1.62,2195129,3
NO0010310956,SALMAR,2026-09-30,1.6,2178217,3
NO0010310956,SALMAR,2026-10-02,1.61,2183875,3
NO0010892094,SALMON EVOLUTION ASA,2026-07-01,2.72,14157957,4
NO0010892094,SALMON EVOLUTION ASA,2026-07-17,2.71,14133513,4
NO0010892094,SALMON EVOLUTION ASA,2026-08-19,2.58,14402251,4
NO0010892094,SALMON EVOLUTION ASA,2026-09-23,2.59,14417125,4
NO0010863285,SATS,2026-06-15,0.5,1009744,1
NO0010863285,SATS,2026-06-22,0.61,1219481,1
NO0010863285,SATS,2026-06-25,0.7,1417751,1
NO0010863285,SATS,2026-07-24,0.69,1387186,1
NO0010863285,SATS,2026-07-31,0.59,1192235,1
NO0010863285,SATS,2026-08-10,0,0,0
NO0010715139,SCATEC ASA,2026-06-23,0.5,813976,1
NO0010715139,SCATEC ASA,2026-06-29,0.62,998394,1
NO0010715139,SCATEC ASA,2026-07-01,0.71,1140569,1
NO0010715139,SCATEC ASA,2026-07-03,0.84,1345195,1
NO0010715139,SCATEC ASA,2026-07-08,0.92,1485694,1
NO0010715139,SCATEC ASA,2026-07-13,1.42,2294200,2
NO0010715139,SCATEC ASA,2026-07-21,1.5,2413363,2
NO0010715139,SCATEC ASA,2026-07-23,1.6,2578386,2
NO0010715139,SCATEC ASA,2026-07-24,0.6,973529,1
NO0010715139,SCATEC ASA,2026-08-20,0.59,953774,1
NO0010715139,SCATEC ASA,2026-09-28,0.6,967884,1
NO0010715139,SCATEC ASA,2026-10-05,1.1,1771332,2
CY0101162119,SED ENERGY HOLDINGS PLC,2026-07-02,0.5,3124073,1
CY0101162119,SED ENERGY HOLDINGS PLC,2026-07-07,0.63,3936223,1
CY0101162119,SED ENERGY HOLDINGS PLC,2026-07-09,0.7,4382165,1
CY0101162119,SED ENERGY HOLDINGS PLC,2026-07-14,0.83,5216872,1
CY0101162119,SED ENERGY HOLDINGS PLC,2026-07-16,0.9,5614962,1
CY0101162119,SED ENERGY HOLDINGS PLC,2026-07-22,1,6234809,1
CY0101162119,SED ENERGY HOLDINGS PLC,2026-08-11,0.99,6123535,1
CY0101162119,SED ENERGY HOLDINGS PLC,2026-08-24,1,6223535,1
CY0101162119,SED ENERGY HOLDINGS PLC,2026-09-01,0.97,6051626,1
CY0101162119,SED ENERGY HOLDINGS PLC,2026-09-04,0.88,5495504,1
CY0101162119,SED ENERGY HOLDINGS PLC,2026-09-18,0.78,4856217,1
CY0101162119,SED ENERGY HOLDINGS PLC,2026-09-23,0.63,3919072,1
CY0101162119,SED ENERGY HOLDINGS PLC,2026-09-24,0.58,3609562,1
CY0101162119,SED ENERGY HOLDINGS PLC,2026-09-29,0,0,0
NO0013573014,SENTIA ASA,2026-08-04,0.5,506448,1
NO0013573014,SENTIA ASA,2026-08-26,0,0,0
NO0003078800,TGS ASA,2026-06-09,0,0,0
NO0003078800,TGS ASA,2026-06-22,0.5,997044,1
NO0003078800,TGS ASA,2026-06-23,0,0,0
NO0003078800,TGS ASA,2026-06-25,0.5,999084,1
NO0003078800,TGS ASA,2026-06-26,1.01,1999084,2
NO0003078800,TGS ASA,2026-06-30,1.13,2236192,2
NO0003078800,TGS ASA,2026-07-02,1.18,2336192,2
NO0003078800,TGS ASA,2026-07-03,1.27,2514401,2
NO0003078800,TGS ASA,2026-07-07,1.22,2414401,2
NO0003078800,TGS ASA,2026-07-09,0.71,1414401,1
NO0003078800,TGS ASA,2026-07-23,0.86,1699134,1
NO0003078800,TGS ASA,2026-07-30,0.9,1782459,1
NO0003078800,TGS ASA,2026-08-07,1.4,2776026,2
NO0003078800,TGS ASA,2026-08-14,1.39,2758176,2
NO0003078800,TGS ASA,2026-08-17,1.4,2779508,2
NO0003078800,TGS ASA,2026-08-19,1.51,3004604,2
NO0003078800,TGS ASA,2026-08-21,1.49,2952110,2
NO0003078800,TGS ASA,2026-08-26,1.58,3116494,2
NO0003078800,TGS ASA,2026-08-27,1.6,3153891,2
NO0003078800,TGS ASA,2026-08-28,1.59,3134940,2
NO0003078800,TGS ASA,2026-09-07,1.69,3341031,2
NO0003078800,TGS ASA,2026-09-15,1.81,3560953,2
NO0003078800,TGS ASA,2026-09-17,1.83,3611234,2
NO0003078800,TGS ASA,2026-09-22,1.92,3806337,2
NO0010597883,THOR MEDICAL ASA,2026-06-24,0.5,1816507,1
NO0010597883,THOR MEDICAL ASA,2026-08-28,0,0,0
NO0010597883,THOR MEDICAL ASA,2026-09-04,0.65,2372342,1
NO0010597883,THOR MEDICAL ASA,2026-09-07,0.77,2787103,1
NO0010597883,THOR MEDICAL ASA,2026-09-08,0.92,3318142,1
NO0010597883,THOR MEDICAL ASA,2026-09-09,1.03,3716342,1
NO0012470089,TOMRA SYSTEMS,2026-06-15,2.5,7421917,2
NO0012470089,TOMRA SYSTEMS,2026-06-25,3,8915588,3
NO0012470089,TOMRA SYSTEMS,2026-06-29,2.5,7421917,2
NO0012470089,TOMRA SYSTEMS,2026-06-30,3,8906141,3
NO0012470089,TOMRA SYSTEMS,2026-07-01,2.5,7421917,2
NO0012470089,TOMRA SYSTEMS,2026-07-08,3.51,10437925,4
NO0012470089,TOMRA SYSTEMS,2026-07-09,3.01,8947737,3
NO0012470089,TOMRA SYSTEMS,2026-07-17,2.91,8650291,3
NO0012470089,TOMRA SYSTEMS,2026-07-20,2.87,8516905,3
NO0012470089,TOMRA SYSTEMS,2026-07-21,2.97,8799388,3
NO0012470089,TOMRA SYSTEMS,2026-07-30,2.89,8561907,3
NO0012470089,TOMRA SYSTEMS,2026-08-17,2.98,8829837,3
NO0012470089,TOMRA SYSTEMS,2026-08-20,2.88,8552268,3
NO0012470089,TOMRA SYSTEMS,2026-08-21,3.38,10044447,4
NO0012470089,TOMRA SYSTEMS,2026-08-24,2.88,8552268,3
NO0012470089,TOMRA SYSTEMS,2026-09-08,3.4,10092285,4
NO0012470089,TOMRA SYSTEMS,2026-09-11,2.88,8552268,3
NO0012470089,TOMRA SYSTEMS,2026-09-17,3.5,10373064,4
NO0010736879,VEND MARKETPLACES ASA,2026-06-08,3.73,8168441,4
NO0010736879,VEND MARKETPLACES ASA,2026-06-11,3.21,7033146,3
NO0010736879,VEND MARKETPLACES ASA,2026-06-17,3.32,7265682,3
NO0010736879,VEND MARKETPLACES ASA,2026-06-23,3.27,7168214,3
NO0010736879,VEND MARKETPLACES ASA,2026-06-24,3.37,7375196,3
NO0010736879,VEND MARKETPLACES ASA,2026-06-29,3.36,7356432,3
NO0010736879,VEND MARKETPLACES ASA,2026-07-08,3.34,7162703,3
NO0010736879,VEND MARKETPLACES ASA,2026-07-10,3.45,7350486,3
NO0010736879,VEND MARKETPLACES ASA,2026-07-14,3.49,7380155,3
NO0010736879,VEND MARKETPLACES ASA,2026-07-17,4.35,9191383,4
NO0010736879,VEND MARKETPLACES ASA,2026-07-23,4.39,9293591,4
NO0010736879,VEND MARKETPLACES ASA,2026-07-28,4.37,9249202,4
NO0010736879,VEND MARKETPLACES ASA,2026-07-31,4.31,9114587,4
NO0010736879,VEND MARKETPLACES ASA,2026-08-03,3.07,6494243,3
NO0010736879,VEND MARKETPLACES ASA,2026-08-13,3.12,6611712,3
NO0010736879,VEND MARKETPLACES ASA,2026-08-26,3.62,7686782,4
NO0010736879,VEND MARKETPLACES ASA,2026-08-31,3.72,7895539,4
NO0010736879,VEND MARKETPLACES ASA,2026-09-01,3.81,8079577,4
NO0010736879,VEND MARKETPLACES ASA,2026-09-09,3.91,8280840,4
NO0010736879,VEND MARKETPLACES ASA,2026-09-15,4.02,8614803,4
NO0010736879,VEND MARKETPLACES ASA,2026-09-16,4.13,8846628,4
NO0010736879,VEND MARKETPLACES ASA,2026-09-18,4.63,9901862,5
NO0010895782,XPLORA TECHNOLOGIES,2026-06-12,0.61,295808,1
NO0010895782,XPLORA TECHNOLOGIES,2026-07-27,0.7,336995,1
NO0010895782,XPLORA TECHNOLOGIES,2026-08-07,1.2,578738,2
NO0010895782,XPLORA TECHNOLOGIES,2026-08-19,1.49,716135,2
NO0010895782,XPLORA TECHNOLOGIES,2026-08-20,2.19,1053215,3
NO0010895782,XPLORA TECHNOLOGIES,2026-08-21,2.69,1294445,4
NO0010895782,XPLORA TECHNOLOGIES,2026-08-25,2.75,1322145,4
NO0010895782,XPLORA TECHNOLOGIES,2026-08-27,2.63,1261411,4
NO0010895782,XPLORA TECHNOLOGIES,2026-08-31,2.75,1323467,4
NO0010895782,XPLORA TECHNOLOGIES,2026-09-02,2.68,1294189,4
NO0010895782,XPLORA TECHNOLOGIES,2026-09-03,3.08,1494301,5
NO0010895782,XPLORA TECHNOLOGIES,2026-09-09,2.01,973083,3
NO0010895782,XPLORA TECHNOLOGIES,2026-09-10,2.09,1007320,3
NO0010895782,XPLORA TECHNOLOGIES,2026-09-16,1.5,720488,2
NO0010895782,XPLORA TECHNOLOGIES,2026-09-21,2.01,965878,3
NO0010895782,XPLORA TECHNOLOGIES,2026-09-25,2.11,1013036,3
NO0010895782,XPLORA TECHNOLOGIES,2026-10-02,2.2,1057001,3
NO0010208051,YARA INTERNATIONAL,2026-06-30,0.71,1832096,1
NO0010208051,YARA INTERNATIONAL,2026-08-04,0.69,1771165,1
NO0010208051,YARA INTERNATIONAL,2026-08-07,1.2,3078993,2
NO0010208051,YARA INTERNATIONAL,2026-08-12,1.09,2795200,2
NO0010208051,YARA INTERNATIONAL,2026-08-21,0.51,1307828,1
NO0010208051,YARA INTERNATIONAL,2026-08-25,1.01,2600196,2
NO0010208051,YARA INTERNATIONAL,2026-08-28,1.51,3878840,3
NO0010208051,YARA INTERNATIONAL,2026-09-02,1.61,4138184,3
NO0010208051,YARA INTERNATIONAL,2026-09-03,1.73,4448462,3
NO0010208051,YARA INTERNATIONAL,2026-09-10,1.82,4672945,3
NO0010208051,YARA INTERNATIONAL,2026-09-16,1.32,3394301,2
NO0010208051,YARA INTERNATIONAL,2026-09-18,1.92,4929451,3
NO0010208051,YARA INTERNATIONAL,2026-09-25,1.42,3649564,2
NO0010208051,YARA INTERNATIONAL,2026-09-28,1.51,3870866,2
NO0010208051,YARA INTERNATIONAL,2026-10-02,1.48,3781027,2
NO0010713936,ZAPTEC ASA,2026-06-23,0.54,474335,1
NO0010713936,ZAPTEC ASA,2026-06-25,0.6,530635,1
NO0010713936,ZAPTEC ASA,2026-06-30,0.71,626673,1
NO0010713936,ZAPTEC ASA,2026-07-06,0.8,702337,1
NO0010713936,ZAPTEC ASA,2026-07-09,0.9,788217,1
NO0010713936,ZAPTEC ASA,2026-07-16,1.02,895066,1
NO0010713936,ZAPTEC ASA,2026-07-23,1.11,976294,1
NO0010713936,ZAPTEC ASA,2026-08-03,1.2,1055237,1
NO0010713936,ZAPTEC ASA,2026-08-14,1.19,1042239,1
NO0010713936,ZAPTEC ASA,2026-08-17,1.24,1087360,1
NO0010713936,ZAPTEC ASA,2026-08-19,1.4,1231167,1
NO0010713936,ZAPTEC ASA,2026-08-20,1.31,1146799,1
NO0010713936,ZAPTEC ASA,2026-08-21,1.23,1077964,1
NO0010713936,ZAPTEC ASA,2026-08-24,1.34,1176622,1
NO0010713936,ZAPTEC ASA,2026-08-27,1.4,1226232,1
NO0010713936,ZAPTEC ASA,2026-08-28,1.38,1210059,1
NO0010713936,ZAPTEC ASA,2026-09-01,1.4,1227564,1
NO0010713936,ZAPTEC ASA,2026-09-04,1.39,1223266,1
NO0010713936,ZAPTEC ASA,2026-09-07,1.28,1121867,1
NO0010713936,ZAPTEC ASA,2026-09-08,1.15,1013992,1
NO0010713936,ZAPTEC ASA,2026-09-25,1.21,1062023,1
NO0010713936,ZAPTEC ASA,2026-09-30,1.31,1148153,1
NO0010713936,ZAPTEC ASA,2026-10-01,1.28,1124219,1
NO0010713936,ZAPTEC ASA,2026-10-02,1.32,1163979,1
