isin,emitent,data_ostatniego_zdarzenia,short_proc_lacznie,akcje,pozycji
BMG9156K1018,2020 BULKERS,2026-10-01,0,0,0
NO0010345853,AKER BP,2026-07-14,0.71,4505000,1
NO0010890304,AKER CARBON CAPTURE ASA,2025-10-24,0,0,0
NO0010921232,AKER HORIZONS ASA,2025-11-17,0,0,0
NO0010716582,AKER SOLUTIONS,2026-09-04,0.61,2996357,1
NO0013683821,APPEAR ASA,2026-08-21,0,0,0
BMG0451H2087,ARCHER,2025-11-19,0,0,0
NO0013249896,ATLANTIC SAPPHIRE,2024-10-16,0,0,0
BMG0670A1099,AUTOSTORE HOLDINGS LTD.,2026-09-10,2.1,74256064,2
BMG067231032,AVANCE GAS HOLDING,2025-05-30,0,0,0
NO0013257410,Argeo ASA,2025-09-02,0,0,0
FO0000000179,BAKKAFROST,2026-09-14,2.99,1781483,3
NO0010379266,BLUENORD ASA,2026-06-19,0,0,0
BMG1466R1732,BORR DRILLING LIMITED,2026-10-06,7.76,24348292,5
NO0010657505,BORREGAARD,2026-09-10,0.59,591319,1
NO0010360266,BOUVET,2026-08-31,0,0,0
BMG173841013,BW LPG,2025-01-06,0,0,0
SGXZ69436764,BW LPG,2026-04-15,0,0,0
DK0061412772,CADELER A/S,2026-10-06,2,7746445,3
NO0013219535,CAVENDISH HYDROGEN ASA,2026-07-28,0.59,237929,1
NO0013033795,CIRCIO HOLDING ASA,2026-09-25,0,0,0
BMG2415A1137,COOL COMPANY LTD.,2025-05-27,0,0,0
NO0010808892,CRAYON GROUP HOLDING,2024-12-12,0,0,0
NO0012697095,DELLIA GROUP,2026-06-12,0,0,0
NO0013755728,DELLIA GROUP,2026-08-13,0.6,265415,1
NO0010963275,DESERT CONTROL AS,2026-08-21,0,0,0
NO0003921009,DNO,2025-03-10,0,0,0
NO0012851874,DOF GROUP ASA,2026-02-05,0,0,0
NO0010607781,EAM SOLAR AS,2025-05-12,0,0,0
NO0013601245,EAM SOLAR AS,2026-07-15,0,0,0
NO0010816093,ELKEM,2026-06-15,0,0,0
NO0010722283,ELLIPTIC LABORATORIES ASA,2026-08-26,0.51,647841,1
NO0013186460,ENSURGE MICROPOWER ASA,2024-10-28,0,0,0
NL0015000GX8,ENVIPCO HOLDING N.V.,2026-10-06,4.63,3081504,5
NO0010096985,EQUINOR,2026-07-29,0,0,0
NO0010735343,EUROPRIS,2025-02-03,0,0,0
BMG359472021,FLEX LNG,2025-08-27,0,0,0
NO0010365521,GRIEG SEAFOOD,2026-10-05,1.48,1685540,2
SGXZ53070850,HAFNIA LIMITED,2026-04-14,0,0,0
NO0003067902,HEXAGON COMPOSITES,2026-08-24,0.99,3319966,1
NO0010904923,HEXAGON PURUS ASA,2025-10-22,0,0,0
BMG4660A1036,HIMALAYA SHIPPING LTD,2026-10-06,1.49,701700,2
NO0011082075,HOEGH AUTOLINERS ASA,2026-09-30,0,0,0
NO0012953720,HUNTER GROUP,2026-10-06,0.8,1078699,1
NO0013107490,IDEX BIOMETRICS,2025-07-01,0,0,0
NO0013119255,INTEROIL EXPLORATION AND PRODUCTION,2026-06-29,0,0,0
NO0010743545,KID,2026-09-28,3.36,1374770,5
NO0003079709,KITRON,2026-10-06,0.69,1530879,1
NO0003033102,KONGSBERG AUTOMOTIVE,2026-03-16,0,0,0
NO0013697029,KONGSBERG MARITIME ASA,2026-08-07,0,0,0
NO0013355859,LIFECARE ASA,2026-01-29,0,0,0
NO0010894231,LINK MOBILITY GROUP HOLDING,2026-10-05,7.55,21734630,7
NO0010921299,LOKOTECH GROUP AS,2025-06-03,0,0,0
NO0010187032,MAGNORA,2026-10-06,4.67,3394005,4
NO0003054108,MOWI,2026-09-22,1.22,6453071,2
NO0010791353,MPC CONTAINER SHIPS,2026-06-01,0.72,3180691,1
NO0010081235,NEL,2026-08-24,0.59,10941747,1
NO0010856511,NORBIT,2026-10-06,2.66,1719335,4
NO0013052209,NORCONSULT ASA,2026-08-14,0,0,0
NO0013162693,NORDIC MINING,2026-10-05,0.66,834023,1
NO0003055501,NORDIC SEMICONDUCTOR,2026-10-06,2.6,5210159,2
NO0012885252,NORSE ATLANTIC ASA,2026-06-30,0,0,0
NO0005052605,NORSK HYDRO,2026-09-10,0,0,0
NO0010969108,NORSK TITANIUM AS,2026-08-10,0,0,0
NO0010861115,NORSKE SKOG,2026-01-15,0,0,0
NO0010196140,NORWEGIAN AIR SHUTTLE,2026-09-21,0.5,5288046,1
NO0003679102,NRC GROUP,2026-06-11,0,0,0
NO0010714785,NYKODE THERAPEUTICS ASA,2025-11-18,0,0,0
MHY641771016,OKEANIS ECO TANKERS,2025-11-18,0,0,0
NO0003733800,ORKLA,2026-07-27,0,0,0
NO0010564701,PANORO ENERGY,2026-09-24,0.69,975774,1
NO0010405640,PCI BIOTECH HOLDING,2026-03-27,0,0,0
NO0012942525,PETRONOR E&P ASA,2026-06-01,0,0,0
NO0010840507,PEXIP HOLDING,2026-06-01,0,0,0
NO0010000045,PHOTOCURE,2026-09-02,0,0,0
NO0010861990,PROSAFE,2025-07-21,0,0,0
NO0013178616,PUBLIC PROPERTY INVEST ASA,2025-12-18,0,0,0
NO0010112675,REC SILICON,2025-04-14,0,0,0
NO0010310956,SALMAR,2026-10-02,1.61,2183875,3
NO0010892094,SALMON EVOLUTION ASA,2026-09-23,2.59,14417125,4
NO0010863285,SATS,2026-08-10,0,0,0
NO0010715139,SCATEC ASA,2026-10-05,1.1,1771332,2
BMG7947V2045,SEACREST PETROLEO BERMUDA LIMITED,2025-10-23,0,0,0
CY0101162119,SED ENERGY HOLDINGS PLC,2026-09-29,0,0,0
NO0013573014,SENTIA ASA,2026-08-26,0,0,0
KYG236271055,SHELF DRILLING,2025-09-23,0,0,0
CH0496451508,SOFTWAREONE HOLDING,2025-07-15,0,0,0
BMG850801025,STOLT-NIELSEN,2025-07-04,0,0,0
NO0003078800,TGS ASA,2026-09-22,1.92,3806337,2
NO0010597883,THOR MEDICAL ASA,2026-09-09,1.03,3716342,1
NO0012470089,TOMRA SYSTEMS,2026-10-06,3.59,10659140,4
NO0010736879,VEND MARKETPLACES ASA,2026-09-18,4.63,9901862,5
NO0010708068,VOW,2025-12-17,0,0,0
NO0011202772,VÅR ENERGI ASA,2025-10-23,1.17,29210000,1
NO0010571680,WALLENIUS WILHELMSEN,2025-06-06,0,0,0
NO0010895782,XPLORA TECHNOLOGIES,2026-10-02,2.2,1057001,3
NO0010208051,YARA INTERNATIONAL,2026-10-02,1.48,3781027,2
NO0010713936,ZAPTEC ASA,2026-10-06,1.42,1248877,1
NO0010851603,ZELLUNA,2025-02-28,0,0,0
