isin,emitent,data_zdarzenia,posiadacz,short_proc,akcje,data_pozycji
NO0010345853,AKER BP,2026-07-14,KGH Ltd,0.71,4505000,2025-04-08
NO0010716582,AKER SOLUTIONS,2026-09-04,OCEANIC INVESTMENT MANAGEMENT LIMITED,0.61,2996357,2026-09-04
BMG0670A1099,AUTOSTORE HOLDINGS LTD.,2026-09-10,Lingotto Investment Management LLP,1.5,51559268,2024-09-02
BMG0670A1099,AUTOSTORE HOLDINGS LTD.,2026-09-10,"YIHENG CAPITAL MANAGEMENT, L.P.",0.6,22696792,2026-09-10
FO0000000179,BAKKAFROST,2026-09-14,JPMORGAN ASSET MANAGEMENT (UK) LIMITED,1.7,1013157,2026-07-24
FO0000000179,BAKKAFROST,2026-09-14,Acadian Asset Management LLC,0.69,410810,2026-04-22
FO0000000179,BAKKAFROST,2026-09-14,"ARROWSTREET CAPITAL, LIMITED PARTNERSHIP",0.6,357516,2026-09-14
BMG1466R1732,BORR DRILLING LIMITED,2026-10-07,"ARROWSTREET CAPITAL, LIMITED PARTNERSHIP",3.83,12082196,2026-10-06
BMG1466R1732,BORR DRILLING LIMITED,2026-10-07,"AQR CAPITAL MANAGEMENT, LLC",2.18,6737271,2026-10-06
BMG1466R1732,BORR DRILLING LIMITED,2026-10-07,"D. E. Shaw & Co. (London), LLP",0.61,1928825,2026-10-06
BMG1466R1732,BORR DRILLING LIMITED,2026-10-07,"TWO SIGMA INVESTMENTS, LP",0.54,1688884,2026-10-07
BMG1466R1732,BORR DRILLING LIMITED,2026-10-07,FIL Investment Management (Hong Kong) Limited,0.53,1694239,2026-10-02
NO0010657505,BORREGAARD,2026-09-10,NUMERIC INVESTORS LLC,0.59,591319,2026-09-10
DK0061412772,CADELER A/S,2026-10-06,"ARROWSTREET CAPITAL, LIMITED PARTNERSHIP",0.8,3101753,2026-07-28
DK0061412772,CADELER A/S,2026-10-06,CAPITAL FUND MANAGEMENT,0.7,2714017,2026-10-06
DK0061412772,CADELER A/S,2026-10-06,"CONNOR, CLARK & LUNN INVESTMENT MANAGEMENT LTD.",0.5,1930675,2026-08-13
NO0013219535,CAVENDISH HYDROGEN ASA,2026-07-28,QUBE RESEARCH & TECHNOLOGIES LIMITED,0.59,237929,2026-07-28
NO0013755728,DELLIA GROUP,2026-08-13,"TWO SIGMA INVESTMENTS, LP",0.6,265415,2026-08-13
NO0010722283,ELLIPTIC LABORATORIES ASA,2026-08-26,GSA CAPITAL PARTNERS LLP,0.51,647841,2026-08-26
NL0015000GX8,ENVIPCO HOLDING N.V.,2026-10-06,JPMORGAN ASSET MANAGEMENT (UK) LIMITED,1.56,1037218,2026-06-09
NL0015000GX8,ENVIPCO HOLDING N.V.,2026-10-06,CITADEL ADVISORS LLC,1.07,712548,2026-09-25
NL0015000GX8,ENVIPCO HOLDING N.V.,2026-10-06,ActusRayPartners Limited,0.83,551218,2026-08-31
NL0015000GX8,ENVIPCO HOLDING N.V.,2026-10-06,CITADEL SECURITIES (EUROPE) LIMITED,0.66,440570,2026-10-06
NL0015000GX8,ENVIPCO HOLDING N.V.,2026-10-06,"WORLDQUANT, LLC",0.51,339950,2026-09-29
NO0010365521,GRIEG SEAFOOD,2026-10-05,"ARROWSTREET CAPITAL, LIMITED PARTNERSHIP",0.98,1113974,2026-09-23
NO0010365521,GRIEG SEAFOOD,2026-10-05,"TWO SIGMA INVESTMENTS, LP",0.5,571566,2026-10-05
NO0003067902,HEXAGON COMPOSITES,2026-08-24,GSA CAPITAL PARTNERS LLP,0.99,3319966,2026-08-24
BMG4660A1036,HIMALAYA SHIPPING LTD,2026-10-07,TIDSHIPS AS,0.76,356644,2026-10-05
BMG4660A1036,HIMALAYA SHIPPING LTD,2026-10-07,NIGHTHAWK CAPITAL AS,0.75,356606,2026-10-07
NO0012953720,HUNTER GROUP,2026-10-07,CITADEL SECURITIES (EUROPE) LIMITED,0.79,1078600,2026-10-07
NO0010743545,KID,2026-09-28,"CONNOR, CLARK & LUNN INVESTMENT MANAGEMENT LTD.",0.8,325729,2026-09-14
NO0010743545,KID,2026-09-28,JPMORGAN ASSET MANAGEMENT (UK) LIMITED,0.77,316137,2026-08-21
NO0010743545,KID,2026-09-28,J.P. MORGAN INVESTMENT MANAGEMENT INC.,0.67,274313,2026-08-24
NO0010743545,KID,2026-09-28,ActusRayPartners Limited,0.61,250758,2026-09-28
NO0010743545,KID,2026-09-28,"ARROWSTREET CAPITAL, LIMITED PARTNERSHIP",0.51,207833,2026-05-19
NO0003079709,KITRON,2026-10-06,BLACKROCK FINANCIAL MANAGEMENT INC.,0.69,1530879,2026-10-06
NO0010894231,LINK MOBILITY GROUP HOLDING,2026-10-07,"ARROWSTREET CAPITAL, LIMITED PARTNERSHIP",2.07,5905226,2026-09-28
NO0010894231,LINK MOBILITY GROUP HOLDING,2026-10-07,JPMORGAN ASSET MANAGEMENT (UK) LIMITED,1.71,4892141,2026-10-05
NO0010894231,LINK MOBILITY GROUP HOLDING,2026-10-07,"TWO SIGMA INVESTMENTS, LP",0.99,2822026,2026-08-24
NO0010894231,LINK MOBILITY GROUP HOLDING,2026-10-07,CAPITAL FUND MANAGEMENT,0.8,2300373,2026-10-01
NO0010894231,LINK MOBILITY GROUP HOLDING,2026-10-07,CITADEL ADVISORS LLC,0.78,2243789,2026-10-07
NO0010894231,LINK MOBILITY GROUP HOLDING,2026-10-07,"CONNOR, CLARK & LUNN INVESTMENT MANAGEMENT LTD.",0.59,1814198,2026-08-05
NO0010894231,LINK MOBILITY GROUP HOLDING,2026-10-07,VOLEON CAPITAL MANAGEMENT LP,0.59,1709359,2026-09-09
NO0010187032,MAGNORA,2026-10-06,"ARROWSTREET CAPITAL, LIMITED PARTNERSHIP",1.83,1325322,2026-09-17
NO0010187032,MAGNORA,2026-10-06,CITADEL ADVISORS LLC,1.4,1016986,2026-10-06
NO0010187032,MAGNORA,2026-10-06,ActusRayPartners Limited,0.9,655830,2026-06-02
NO0010187032,MAGNORA,2026-10-06,"TWO SIGMA INVESTMENTS, LP",0.54,395867,2026-09-17
NO0003054108,MOWI,2026-09-22,JPMORGAN ASSET MANAGEMENT (UK) LIMITED,0.61,3234624,2026-08-11
NO0003054108,MOWI,2026-09-22,"TWO SIGMA INVESTMENTS, LP",0.61,3218447,2026-09-22
NO0010791353,MPC CONTAINER SHIPS,2026-06-01,FEARNLEY ASSET MANAGEMENT AS,0.72,3180691,2026-06-01
NO0010081235,NEL,2026-08-24,Tages Capital LLP,0.59,10941747,2026-05-15
NO0010856511,NORBIT,2026-10-06,"TWO SIGMA INVESTMENTS, LP",0.92,595084,2026-08-19
NO0010856511,NORBIT,2026-10-06,BLACKROCK FINANCIAL MANAGEMENT INC.,0.64,412872,2026-10-05
NO0010856511,NORBIT,2026-10-06,CAPITAL FUND MANAGEMENT,0.6,390135,2026-09-03
NO0010856511,NORBIT,2026-10-06,CITADEL ADVISORS LLC,0.5,321244,2026-10-06
NO0013162693,NORDIC MINING,2026-10-05,CITADEL SECURITIES (EUROPE) LIMITED,0.66,834023,2026-10-05
NO0003055501,NORDIC SEMICONDUCTOR,2026-10-06,JPMORGAN ASSET MANAGEMENT (UK) LIMITED,2,4003916,2026-09-22
NO0003055501,NORDIC SEMICONDUCTOR,2026-10-06,"ESTUARY CAPITAL MANAGEMENT, LP",0.6,1206243,2026-10-06
NO0010196140,NORWEGIAN AIR SHUTTLE,2026-09-21,"CONNOR, CLARK & LUNN INVESTMENT MANAGEMENT LTD.",0.5,5288046,2026-09-17
NO0010564701,PANORO ENERGY,2026-09-24,"WORLDQUANT, LLC",0.69,975774,2026-09-24
NO0010310956,SALMAR,2026-10-02,MARSHALL WACE LLP,0.6,817936,2026-10-02
NO0010310956,SALMAR,2026-10-02,Caisse de dépôt et placement du Québec,0.51,683968,2025-08-06
NO0010310956,SALMAR,2026-10-02,JPMorgan Asset Management (UK) Ltd,0.5,681971,2026-02-27
NO0010892094,SALMON EVOLUTION ASA,2026-09-23,"ARROWSTREET CAPITAL, LIMITED PARTNERSHIP",0.98,5432240,2026-08-19
NO0010892094,SALMON EVOLUTION ASA,2026-09-23,"TWO SIGMA INVESTMENTS, LP",0.6,3333415,2026-09-23
NO0010892094,SALMON EVOLUTION ASA,2026-09-23,ActusRayPartners Limited,0.51,2877236,2026-05-05
NO0010892094,SALMON EVOLUTION ASA,2026-09-23,GSA CAPITAL PARTNERS LLP,0.5,2774234,2026-07-01
NO0010715139,SCATEC ASA,2026-10-05,Acadian Asset Management LLC,0.6,967884,2026-09-28
NO0010715139,SCATEC ASA,2026-10-05,CAPITAL FUND MANAGEMENT,0.5,803448,2026-10-05
NO0003078800,TGS ASA,2026-09-22,CAPITAL FUND MANAGEMENT,1.01,2004163,2026-09-22
NO0003078800,TGS ASA,2026-09-22,MARSHALL WACE LLP,0.91,1802174,2026-09-17
NO0010597883,THOR MEDICAL ASA,2026-09-09,"TWO SIGMA INVESTMENTS, LP",1.03,3716342,2026-09-09
NO0012470089,TOMRA SYSTEMS,2026-10-07,JPMORGAN ASSET MANAGEMENT (UK) LIMITED,1.59,4707620,2026-07-30
NO0012470089,TOMRA SYSTEMS,2026-10-07,ALAMUT INVESTMENT MANAGEMENT LLP,0.71,2106872,2026-10-06
NO0012470089,TOMRA SYSTEMS,2026-10-07,CAPITAL FUND MANAGEMENT,0.68,2042398,2026-10-07
NO0012470089,TOMRA SYSTEMS,2026-10-07,"AQR CAPITAL MANAGEMENT, LLC",0.59,1768415,2026-08-20
NO0010736879,VEND MARKETPLACES ASA,2026-09-18,KINTBURY CAPITAL LLP,2.11,4452620,2026-09-16
NO0010736879,VEND MARKETPLACES ASA,2026-09-18,"PDT PARTNERS, LLC",0.81,1716439,2026-07-10
NO0010736879,VEND MARKETPLACES ASA,2026-09-18,CAPITAL FUND MANAGEMENT,0.61,1393742,2026-09-15
NO0010736879,VEND MARKETPLACES ASA,2026-09-18,JPMORGAN ASSET MANAGEMENT (UK) LIMITED,0.6,1283827,2026-08-31
NO0010736879,VEND MARKETPLACES ASA,2026-09-18,ELEVA CAPITAL,0.5,1055234,2026-09-18
NO0011202772,VÅR ENERGI ASA,2025-10-23,KGH Ltd,1.17,29210000,2025-10-23
NO0010895782,XPLORA TECHNOLOGIES,2026-10-07,"TWO SIGMA INVESTMENTS, LP",0.9,431293,2026-10-07
NO0010895782,XPLORA TECHNOLOGIES,2026-10-07,CITADEL ADVISORS LLC,0.7,336513,2026-10-02
NO0010895782,XPLORA TECHNOLOGIES,2026-10-07,LIONTRUST INVESTMENT PARTNERS LLP,0.7,336995,2026-07-27
NO0010208051,YARA INTERNATIONAL,2026-10-07,MARSHALL WACE LLP,0.78,1992553,2026-10-02
NO0010208051,YARA INTERNATIONAL,2026-10-07,"BLACKROCK ADVISORS, LLC",0.69,1763523,2026-10-07
NO0010713936,ZAPTEC ASA,2026-10-07,CITADEL ADVISORS LLC,1.53,1340113,2026-10-07
