data,waluta,nok_za_jednostke_lub_100,unit_mult
2026-08-28,EUR,10.8595,0
2026-08-28,SEK,97.93,2
2026-08-28,USD,9.3271,0
2026-08-31,EUR,10.832,0
2026-08-31,SEK,97.5,2
2026-08-31,USD,9.3412,0
2026-09-01,EUR,10.8185,0
2026-09-01,SEK,97.34,2
2026-09-01,USD,9.3343,0
2026-09-02,EUR,10.809,0
2026-09-02,SEK,96.88,2
2026-09-02,USD,9.3358,0
2026-09-03,EUR,10.8063,0
2026-09-03,SEK,97.14,2
2026-09-03,USD,9.3037,0
2026-09-04,EUR,10.8035,0
2026-09-04,SEK,97.32,2
2026-09-04,USD,9.2957,0
2026-09-07,EUR,10.774,0
2026-09-07,SEK,96.52,2
2026-09-07,USD,9.2703,0
2026-09-08,EUR,10.745,0
2026-09-08,SEK,96.35,2
2026-09-08,USD,9.2518,0
2026-09-09,EUR,10.6975,0
2026-09-09,SEK,95.95,2
2026-09-09,USD,9.1808,0
2026-09-10,EUR,10.7635,0
2026-09-10,SEK,96.11,2
2026-09-10,USD,9.2661,0
2026-09-11,EUR,10.7805,0
2026-09-11,SEK,95.93,2
2026-09-11,USD,9.2999,0
2026-09-14,EUR,10.767,0
2026-09-14,SEK,95.44,2
2026-09-14,USD,9.3213,0
2026-09-15,EUR,10.785,0
2026-09-15,SEK,95.66,2
2026-09-15,USD,9.3466,0
2026-09-16,EUR,10.7885,0
2026-09-16,SEK,95.58,2
2026-09-16,USD,9.3512,0
2026-09-17,EUR,10.825,0
2026-09-17,SEK,96.04,2
2026-09-17,USD,9.4286,0
2026-09-18,EUR,10.8095,0
2026-09-18,SEK,95.73,2
2026-09-18,USD,9.4324,0
2026-09-21,EUR,10.813,0
2026-09-21,SEK,95.9,2
2026-09-21,USD,9.4108,0
2026-09-22,EUR,10.801,0
2026-09-22,SEK,96.04,2
2026-09-22,USD,9.4225,0
2026-09-23,EUR,10.799,0
2026-09-23,SEK,95.8,2
2026-09-23,USD,9.4637,0
2026-09-24,EUR,10.7895,0
2026-09-24,SEK,95.78,2
2026-09-24,USD,9.492,0
2026-09-25,EUR,10.84,0
2026-09-25,SEK,96.01,2
2026-09-25,USD,9.5063,0
2026-09-28,EUR,10.817,0
2026-09-28,SEK,95.55,2
2026-09-28,USD,9.5069,0
2026-09-29,EUR,10.8735,0
2026-09-29,SEK,96.05,2
2026-09-29,USD,9.576,0
2026-09-30,EUR,10.9015,0
2026-09-30,SEK,96.21,2
2026-09-30,USD,9.6006,0
2026-10-01,EUR,10.875,0
2026-10-01,SEK,95.98,2
2026-10-01,USD,9.6256,0
2026-10-02,EUR,10.8315,0
2026-10-02,SEK,95.94,2
2026-10-02,USD,9.6494,0
2026-10-05,EUR,10.7575,0
2026-10-05,SEK,95.6,2
2026-10-05,USD,9.6015,0
2026-10-06,EUR,10.778,0
2026-10-06,SEK,95.87,2
2026-10-06,USD,9.5643,0
2026-10-07,EUR,10.712,0
2026-10-07,SEK,95.44,2
2026-10-07,USD,9.584,0
2026-10-08,EUR,10.717,0
2026-10-08,SEK,95.74,2
2026-10-08,USD,9.5807,0
