FREQ;Frequency;BASE_CUR;Base Currency;QUOTE_CUR;Quote Currency;TENOR;Tenor;DECIMALS;CALCULATED;UNIT_MULT;Unit Multiplier;COLLECTION;Collection Indicator;TIME_PERIOD;OBS_VALUE
B;Business;USD;US dollar;NOK;Norwegian krone;SP;Spot;4;false;0;Units;C;ECB concertation time 14:15 CET;2026-08-26;9.3277
B;Business;USD;US dollar;NOK;Norwegian krone;SP;Spot;4;false;0;Units;C;ECB concertation time 14:15 CET;2026-08-27;9.3405
B;Business;USD;US dollar;NOK;Norwegian krone;SP;Spot;4;false;0;Units;C;ECB concertation time 14:15 CET;2026-08-28;9.3271
B;Business;USD;US dollar;NOK;Norwegian krone;SP;Spot;4;false;0;Units;C;ECB concertation time 14:15 CET;2026-08-31;9.3412
B;Business;USD;US dollar;NOK;Norwegian krone;SP;Spot;4;false;0;Units;C;ECB concertation time 14:15 CET;2026-09-01;9.3343
B;Business;USD;US dollar;NOK;Norwegian krone;SP;Spot;4;false;0;Units;C;ECB concertation time 14:15 CET;2026-09-02;9.3358
B;Business;USD;US dollar;NOK;Norwegian krone;SP;Spot;4;false;0;Units;C;ECB concertation time 14:15 CET;2026-09-03;9.3037
B;Business;USD;US dollar;NOK;Norwegian krone;SP;Spot;4;false;0;Units;C;ECB concertation time 14:15 CET;2026-09-04;9.2957
B;Business;USD;US dollar;NOK;Norwegian krone;SP;Spot;4;false;0;Units;C;ECB concertation time 14:15 CET;2026-09-07;9.2703
B;Business;USD;US dollar;NOK;Norwegian krone;SP;Spot;4;false;0;Units;C;ECB concertation time 14:15 CET;2026-09-08;9.2518
B;Business;USD;US dollar;NOK;Norwegian krone;SP;Spot;4;false;0;Units;C;ECB concertation time 14:15 CET;2026-09-09;9.1808
B;Business;USD;US dollar;NOK;Norwegian krone;SP;Spot;4;false;0;Units;C;ECB concertation time 14:15 CET;2026-09-10;9.2661
B;Business;USD;US dollar;NOK;Norwegian krone;SP;Spot;4;false;0;Units;C;ECB concertation time 14:15 CET;2026-09-11;9.2999
B;Business;USD;US dollar;NOK;Norwegian krone;SP;Spot;4;false;0;Units;C;ECB concertation time 14:15 CET;2026-09-14;9.3213
B;Business;USD;US dollar;NOK;Norwegian krone;SP;Spot;4;false;0;Units;C;ECB concertation time 14:15 CET;2026-09-15;9.3466
B;Business;USD;US dollar;NOK;Norwegian krone;SP;Spot;4;false;0;Units;C;ECB concertation time 14:15 CET;2026-09-16;9.3512
B;Business;USD;US dollar;NOK;Norwegian krone;SP;Spot;4;false;0;Units;C;ECB concertation time 14:15 CET;2026-09-17;9.4286
B;Business;USD;US dollar;NOK;Norwegian krone;SP;Spot;4;false;0;Units;C;ECB concertation time 14:15 CET;2026-09-18;9.4324
B;Business;USD;US dollar;NOK;Norwegian krone;SP;Spot;4;false;0;Units;C;ECB concertation time 14:15 CET;2026-09-21;9.4108
B;Business;USD;US dollar;NOK;Norwegian krone;SP;Spot;4;false;0;Units;C;ECB concertation time 14:15 CET;2026-09-22;9.4225
B;Business;USD;US dollar;NOK;Norwegian krone;SP;Spot;4;false;0;Units;C;ECB concertation time 14:15 CET;2026-09-23;9.4637
B;Business;USD;US dollar;NOK;Norwegian krone;SP;Spot;4;false;0;Units;C;ECB concertation time 14:15 CET;2026-09-24;9.492
B;Business;USD;US dollar;NOK;Norwegian krone;SP;Spot;4;false;0;Units;C;ECB concertation time 14:15 CET;2026-09-25;9.5063
B;Business;USD;US dollar;NOK;Norwegian krone;SP;Spot;4;false;0;Units;C;ECB concertation time 14:15 CET;2026-09-28;9.5069
B;Business;USD;US dollar;NOK;Norwegian krone;SP;Spot;4;false;0;Units;C;ECB concertation time 14:15 CET;2026-09-29;9.576
B;Business;USD;US dollar;NOK;Norwegian krone;SP;Spot;4;false;0;Units;C;ECB concertation time 14:15 CET;2026-09-30;9.6006
B;Business;USD;US dollar;NOK;Norwegian krone;SP;Spot;4;false;0;Units;C;ECB concertation time 14:15 CET;2026-10-01;9.6256
B;Business;USD;US dollar;NOK;Norwegian krone;SP;Spot;4;false;0;Units;C;ECB concertation time 14:15 CET;2026-10-02;9.6494
B;Business;USD;US dollar;NOK;Norwegian krone;SP;Spot;4;false;0;Units;C;ECB concertation time 14:15 CET;2026-10-05;9.6015
B;Business;USD;US dollar;NOK;Norwegian krone;SP;Spot;4;false;0;Units;C;ECB concertation time 14:15 CET;2026-10-06;9.5643
B;Business;EUR;Euro;NOK;Norwegian krone;SP;Spot;4;false;0;Units;C;ECB concertation time 14:15 CET;2026-08-26;10.8845
B;Business;EUR;Euro;NOK;Norwegian krone;SP;Spot;4;false;0;Units;C;ECB concertation time 14:15 CET;2026-08-27;10.877
B;Business;EUR;Euro;NOK;Norwegian krone;SP;Spot;4;false;0;Units;C;ECB concertation time 14:15 CET;2026-08-28;10.8595
B;Business;EUR;Euro;NOK;Norwegian krone;SP;Spot;4;false;0;Units;C;ECB concertation time 14:15 CET;2026-08-31;10.832
B;Business;EUR;Euro;NOK;Norwegian krone;SP;Spot;4;false;0;Units;C;ECB concertation time 14:15 CET;2026-09-01;10.8185
B;Business;EUR;Euro;NOK;Norwegian krone;SP;Spot;4;false;0;Units;C;ECB concertation time 14:15 CET;2026-09-02;10.809
B;Business;EUR;Euro;NOK;Norwegian krone;SP;Spot;4;false;0;Units;C;ECB concertation time 14:15 CET;2026-09-03;10.8063
B;Business;EUR;Euro;NOK;Norwegian krone;SP;Spot;4;false;0;Units;C;ECB concertation time 14:15 CET;2026-09-04;10.8035
B;Business;EUR;Euro;NOK;Norwegian krone;SP;Spot;4;false;0;Units;C;ECB concertation time 14:15 CET;2026-09-07;10.774
B;Business;EUR;Euro;NOK;Norwegian krone;SP;Spot;4;false;0;Units;C;ECB concertation time 14:15 CET;2026-09-08;10.745
B;Business;EUR;Euro;NOK;Norwegian krone;SP;Spot;4;false;0;Units;C;ECB concertation time 14:15 CET;2026-09-09;10.6975
B;Business;EUR;Euro;NOK;Norwegian krone;SP;Spot;4;false;0;Units;C;ECB concertation time 14:15 CET;2026-09-10;10.7635
B;Business;EUR;Euro;NOK;Norwegian krone;SP;Spot;4;false;0;Units;C;ECB concertation time 14:15 CET;2026-09-11;10.7805
B;Business;EUR;Euro;NOK;Norwegian krone;SP;Spot;4;false;0;Units;C;ECB concertation time 14:15 CET;2026-09-14;10.767
B;Business;EUR;Euro;NOK;Norwegian krone;SP;Spot;4;false;0;Units;C;ECB concertation time 14:15 CET;2026-09-15;10.785
B;Business;EUR;Euro;NOK;Norwegian krone;SP;Spot;4;false;0;Units;C;ECB concertation time 14:15 CET;2026-09-16;10.7885
B;Business;EUR;Euro;NOK;Norwegian krone;SP;Spot;4;false;0;Units;C;ECB concertation time 14:15 CET;2026-09-17;10.825
B;Business;EUR;Euro;NOK;Norwegian krone;SP;Spot;4;false;0;Units;C;ECB concertation time 14:15 CET;2026-09-18;10.8095
B;Business;EUR;Euro;NOK;Norwegian krone;SP;Spot;4;false;0;Units;C;ECB concertation time 14:15 CET;2026-09-21;10.813
B;Business;EUR;Euro;NOK;Norwegian krone;SP;Spot;4;false;0;Units;C;ECB concertation time 14:15 CET;2026-09-22;10.801
B;Business;EUR;Euro;NOK;Norwegian krone;SP;Spot;4;false;0;Units;C;ECB concertation time 14:15 CET;2026-09-23;10.799
B;Business;EUR;Euro;NOK;Norwegian krone;SP;Spot;4;false;0;Units;C;ECB concertation time 14:15 CET;2026-09-24;10.7895
B;Business;EUR;Euro;NOK;Norwegian krone;SP;Spot;4;false;0;Units;C;ECB concertation time 14:15 CET;2026-09-25;10.84
B;Business;EUR;Euro;NOK;Norwegian krone;SP;Spot;4;false;0;Units;C;ECB concertation time 14:15 CET;2026-09-28;10.817
B;Business;EUR;Euro;NOK;Norwegian krone;SP;Spot;4;false;0;Units;C;ECB concertation time 14:15 CET;2026-09-29;10.8735
B;Business;EUR;Euro;NOK;Norwegian krone;SP;Spot;4;false;0;Units;C;ECB concertation time 14:15 CET;2026-09-30;10.9015
B;Business;EUR;Euro;NOK;Norwegian krone;SP;Spot;4;false;0;Units;C;ECB concertation time 14:15 CET;2026-10-01;10.875
B;Business;EUR;Euro;NOK;Norwegian krone;SP;Spot;4;false;0;Units;C;ECB concertation time 14:15 CET;2026-10-02;10.8315
B;Business;EUR;Euro;NOK;Norwegian krone;SP;Spot;4;false;0;Units;C;ECB concertation time 14:15 CET;2026-10-05;10.7575
B;Business;EUR;Euro;NOK;Norwegian krone;SP;Spot;4;false;0;Units;C;ECB concertation time 14:15 CET;2026-10-06;10.778
B;Business;SEK;Swedish krona;NOK;Norwegian krone;SP;Spot;2;false;2;Hundreds;C;ECB concertation time 14:15 CET;2026-08-26;98.25
B;Business;SEK;Swedish krona;NOK;Norwegian krone;SP;Spot;2;false;2;Hundreds;C;ECB concertation time 14:15 CET;2026-08-27;98.14
B;Business;SEK;Swedish krona;NOK;Norwegian krone;SP;Spot;2;false;2;Hundreds;C;ECB concertation time 14:15 CET;2026-08-28;97.93
B;Business;SEK;Swedish krona;NOK;Norwegian krone;SP;Spot;2;false;2;Hundreds;C;ECB concertation time 14:15 CET;2026-08-31;97.5
B;Business;SEK;Swedish krona;NOK;Norwegian krone;SP;Spot;2;false;2;Hundreds;C;ECB concertation time 14:15 CET;2026-09-01;97.34
B;Business;SEK;Swedish krona;NOK;Norwegian krone;SP;Spot;2;false;2;Hundreds;C;ECB concertation time 14:15 CET;2026-09-02;96.88
B;Business;SEK;Swedish krona;NOK;Norwegian krone;SP;Spot;2;false;2;Hundreds;C;ECB concertation time 14:15 CET;2026-09-03;97.14
B;Business;SEK;Swedish krona;NOK;Norwegian krone;SP;Spot;2;false;2;Hundreds;C;ECB concertation time 14:15 CET;2026-09-04;97.32
B;Business;SEK;Swedish krona;NOK;Norwegian krone;SP;Spot;2;false;2;Hundreds;C;ECB concertation time 14:15 CET;2026-09-07;96.52
B;Business;SEK;Swedish krona;NOK;Norwegian krone;SP;Spot;2;false;2;Hundreds;C;ECB concertation time 14:15 CET;2026-09-08;96.35
B;Business;SEK;Swedish krona;NOK;Norwegian krone;SP;Spot;2;false;2;Hundreds;C;ECB concertation time 14:15 CET;2026-09-09;95.95
B;Business;SEK;Swedish krona;NOK;Norwegian krone;SP;Spot;2;false;2;Hundreds;C;ECB concertation time 14:15 CET;2026-09-10;96.11
B;Business;SEK;Swedish krona;NOK;Norwegian krone;SP;Spot;2;false;2;Hundreds;C;ECB concertation time 14:15 CET;2026-09-11;95.93
B;Business;SEK;Swedish krona;NOK;Norwegian krone;SP;Spot;2;false;2;Hundreds;C;ECB concertation time 14:15 CET;2026-09-14;95.44
B;Business;SEK;Swedish krona;NOK;Norwegian krone;SP;Spot;2;false;2;Hundreds;C;ECB concertation time 14:15 CET;2026-09-15;95.66
B;Business;SEK;Swedish krona;NOK;Norwegian krone;SP;Spot;2;false;2;Hundreds;C;ECB concertation time 14:15 CET;2026-09-16;95.58
B;Business;SEK;Swedish krona;NOK;Norwegian krone;SP;Spot;2;false;2;Hundreds;C;ECB concertation time 14:15 CET;2026-09-17;96.04
B;Business;SEK;Swedish krona;NOK;Norwegian krone;SP;Spot;2;false;2;Hundreds;C;ECB concertation time 14:15 CET;2026-09-18;95.73
B;Business;SEK;Swedish krona;NOK;Norwegian krone;SP;Spot;2;false;2;Hundreds;C;ECB concertation time 14:15 CET;2026-09-21;95.9
B;Business;SEK;Swedish krona;NOK;Norwegian krone;SP;Spot;2;false;2;Hundreds;C;ECB concertation time 14:15 CET;2026-09-22;96.04
B;Business;SEK;Swedish krona;NOK;Norwegian krone;SP;Spot;2;false;2;Hundreds;C;ECB concertation time 14:15 CET;2026-09-23;95.8
B;Business;SEK;Swedish krona;NOK;Norwegian krone;SP;Spot;2;false;2;Hundreds;C;ECB concertation time 14:15 CET;2026-09-24;95.78
B;Business;SEK;Swedish krona;NOK;Norwegian krone;SP;Spot;2;false;2;Hundreds;C;ECB concertation time 14:15 CET;2026-09-25;96.01
B;Business;SEK;Swedish krona;NOK;Norwegian krone;SP;Spot;2;false;2;Hundreds;C;ECB concertation time 14:15 CET;2026-09-28;95.55
B;Business;SEK;Swedish krona;NOK;Norwegian krone;SP;Spot;2;false;2;Hundreds;C;ECB concertation time 14:15 CET;2026-09-29;96.05
B;Business;SEK;Swedish krona;NOK;Norwegian krone;SP;Spot;2;false;2;Hundreds;C;ECB concertation time 14:15 CET;2026-09-30;96.21
B;Business;SEK;Swedish krona;NOK;Norwegian krone;SP;Spot;2;false;2;Hundreds;C;ECB concertation time 14:15 CET;2026-10-01;95.98
B;Business;SEK;Swedish krona;NOK;Norwegian krone;SP;Spot;2;false;2;Hundreds;C;ECB concertation time 14:15 CET;2026-10-02;95.94
B;Business;SEK;Swedish krona;NOK;Norwegian krone;SP;Spot;2;false;2;Hundreds;C;ECB concertation time 14:15 CET;2026-10-05;95.6
B;Business;SEK;Swedish krona;NOK;Norwegian krone;SP;Spot;2;false;2;Hundreds;C;ECB concertation time 14:15 CET;2026-10-06;95.87
